"Date","Qmax","Qmean"
2007-10-15,11900,9304
2007-10-16,12600,10227
2007-10-17,12700,10224
2007-10-18,12700,10282
2007-10-19,12600,10203
2007-10-20,12400,9631
2007-10-21,12000,9352
2007-10-22,12100,9887
2007-10-23,12700,10013
2007-10-24,12500,10032
2007-10-25,12400,9999
2007-10-26,12600,10056
2007-10-27,12500,9605
2007-10-28,12100,9252
2007-10-29,12000,9805
2007-10-30,12400,9974
2007-10-31,12500,10345
2007-11-01,13100,10720
2007-11-02,12400,10498
2007-11-03,12600,9947
2007-11-04,12300,9913
2007-11-05,12100,10106
2007-11-06,12600,10265
2007-11-07,13000,10371
2007-11-08,12800,10427
2007-11-09,12900,10494
2007-11-10,12900,10306
2007-11-11,12000,9863
2007-11-12,12400,10485
2007-11-13,12500,10314
2007-11-14,12600,10551
2007-11-15,12200,10240
2007-11-16,12600,10358
2007-11-17,12400,10209
2007-11-18,11500,9546
2007-11-19,12400,10459
2007-11-20,12700,10372
2007-11-21,12900,10676
2007-11-22,12700,10298
2007-11-23,11600,10165
2007-11-24,12800,10492
2007-11-25,11800,10200
2007-11-26,12500,10618
2007-11-27,12700,10798
2007-11-28,12700,10681
2007-11-29,12800,10813
2007-11-30,12800,10648
2007-12-01,13000,11185
2007-12-02,15700,12435
2007-12-03,15800,13176
2007-12-04,16600,13806
2007-12-05,16500,13763
2007-12-06,16500,13541
2007-12-07,16900,13750
2007-12-08,16700,13056
2007-12-09,15800,12480
2007-12-10,15700,13272
2007-12-11,16600,13650
2007-12-12,16800,13855
2007-12-13,16600,13759
2007-12-14,16600,13808
2007-12-15,16300,12671
2007-12-16,15300,12432
2007-12-17,16300,13325
2007-12-18,16400,13543
2007-12-19,16800,13832
2007-12-20,16900,13854
2007-12-21,16800,13695
2007-12-22,16500,12903
2007-12-23,15300,12278
2007-12-24,15800,13134
2007-12-25,16300,12504
2007-12-26,14400,12147
2007-12-27,16800,13864
2007-12-28,16900,14059
2007-12-29,16900,13396
2007-12-30,16400,12606
2007-12-31,16600,13801
2008-01-01,16800,13031
2008-01-02,16100,13279
2008-01-03,16600,13787
2008-01-04,16500,13559
2008-01-05,16600,13130
2008-01-06,15900,12543
2008-01-07,15600,13129
2008-01-08,16700,13679
2008-01-09,16600,13598
2008-01-10,16500,13517
2008-01-11,16500,13646
2008-01-12,16300,12952
2008-01-13,15500,12257
2008-01-14,15800,13236
2008-01-15,16600,13755
2008-01-16,16600,13829
2008-01-17,16400,13731
2008-01-18,16400,13526
2008-01-19,16500,12985
2008-01-20,15700,12502
2008-01-21,15800,13238
2008-01-22,16400,13475
2008-01-23,16400,13514
2008-01-24,16500,13522
2008-01-25,16400,13448
2008-01-26,16300,12895
2008-01-27,15400,12212
2008-01-28,15600,13036
2008-01-29,16300,13097
2008-01-30,16100,13106
2008-01-31,16400,13303
2008-02-01,15100,12104
2008-02-02,13300,10445
2008-02-03,12400,10042
2008-02-04,13300,10685
2008-02-05,13300,10745
2008-02-06,12800,10725
2008-02-07,13100,10683
2008-02-08,12900,10543
2008-02-09,13300,10344
2008-02-10,12800,10207
2008-02-11,13600,10893
2008-02-12,13100,10640
2008-02-13,13200,10603
2008-02-14,13600,10787
2008-02-15,13200,10740
2008-02-16,13100,10313
2008-02-17,12400,10093
2008-02-18,13800,10763
2008-02-19,13400,10830
2008-02-20,13200,10877
2008-02-21,13200,10706
2008-02-22,13400,10758
2008-02-23,13800,10768
2008-02-24,12500,10192
2008-02-25,13800,10886
2008-02-26,13700,10930
2008-02-27,13100,10845
2008-02-28,13100,10792
2008-02-29,13200,10751
2008-03-01,13400,10174
2008-03-02,12000,9362
2008-03-03,12200,10014
2008-03-04,12400,10237
2008-03-05,31400,19537
2008-03-06,42800,38940
2008-03-07,42700,42502
2008-03-08,42800,42503
2008-03-09,42500,26472
2008-03-10,12200,10150
2008-03-11,12500,10323
2008-03-12,12500,10392
2008-03-13,12500,10356
2008-03-14,12300,10227
2008-03-15,12400,9632
2008-03-16,12000,9181
2008-03-17,11900,9944
2008-03-18,12400,10281
2008-03-19,12100,10253
2008-03-20,12100,10136
2008-03-21,12200,10028
2008-03-22,12000,9650
2008-03-23,11300,8962
2008-03-24,12000,9974
2008-03-25,12300,10148
2008-03-26,12300,10302
2008-03-27,12400,10210
2008-03-28,12000,10222
2008-03-29,11800,9637
2008-03-30,11500,8878
2008-03-31,12100,9724
2008-04-01,12200,9984
2008-04-02,12700,10484
2008-04-03,12800,10424
2008-04-04,13000,10511
2008-04-05,12800,10073
2008-04-06,12200,9321
2008-04-07,12000,9921
2008-04-08,12900,10510
2008-04-09,12800,10496
2008-04-10,12700,10444
2008-04-11,12800,10462
2008-04-12,12800,10085
2008-04-13,12100,9456
2008-04-14,11300,9862
2008-04-15,14000,11808
2008-04-16,15700,13220
2008-04-17,15600,13122
2008-04-18,15500,13081
2008-04-19,15400,12398
2008-04-20,14800,11551
2008-04-21,14500,12484
2008-04-22,15500,13178
2008-04-23,15400,13323
2008-04-24,15700,13388
2008-04-25,15600,13245
2008-04-26,15600,12530
2008-04-27,14900,11545
2008-04-28,14600,12531
2008-04-29,15800,13585
2008-04-30,16000,13768
2008-05-01,16200,13491
2008-05-02,15400,13182
2008-05-03,15300,12640
2008-05-04,15000,12358
2008-05-05,15100,12900
2008-05-06,15200,13093
2008-05-07,15400,13231
2008-05-08,15600,13254
2008-05-09,15500,13257
2008-05-10,15500,12862
2008-05-11,15200,12514
2008-05-12,15400,13045
2008-05-13,15500,13263
2008-05-14,15400,13173
2008-05-15,15400,13310
2008-05-16,15600,13284
2008-05-17,15300,12642
2008-05-18,15300,12434
2008-05-19,15300,13150
2008-05-20,15500,13354
2008-05-21,15700,13484
2008-05-22,15700,13511
2008-05-23,15700,13516
2008-05-24,15600,12913
2008-05-25,15500,12713
2008-05-26,15400,12683
2008-05-27,15400,13143
2008-05-28,15600,13450
2008-05-29,15700,13816
2008-05-30,15800,13961
2008-05-31,15600,13566
2008-06-01,15500,13052
2008-06-02,15800,13478
2008-06-03,16100,13782
2008-06-04,16300,13861
2008-06-05,15700,13353
2008-06-06,15700,13481
2008-06-07,15600,13184
2008-06-08,15900,13080
2008-06-09,15800,13599
2008-06-10,16000,13708
2008-06-11,16200,13803
2008-06-12,16300,13779
2008-06-13,16200,13790
2008-06-14,16100,13284
2008-06-15,15800,12949
2008-06-16,16200,13688
2008-06-17,16300,13908
2008-06-18,16200,13838
2008-06-19,16400,13882
2008-06-20,16000,13969
2008-06-21,15900,13484
2008-06-22,15700,12997
2008-06-23,16000,13636
2008-06-24,16300,13952
2008-06-25,16400,13985
2008-06-26,16200,13919
2008-06-27,16200,13976
2008-06-28,16300,13546
2008-06-29,16200,13276
2008-06-30,16000,13793
2008-07-01,17400,13695
2008-07-02,17600,13857
2008-07-03,17700,13884
2008-07-04,17700,13585
2008-07-05,17700,13615
2008-07-06,17900,13607
2008-07-07,18000,13979
2008-07-08,17900,14128
2008-07-09,18000,14173
2008-07-10,18100,14281
2008-07-11,18100,14242
2008-07-12,17900,13915
2008-07-13,17700,13736
2008-07-14,17500,13892
2008-07-15,18000,14608
2008-07-16,18400,14961
2008-07-17,18500,14911
2008-07-18,18400,15081
2008-07-19,18500,14604
2008-07-20,18300,14418
2008-07-21,18200,14627
2008-07-22,18600,15068
2008-07-23,18500,15143
2008-07-24,18200,14918
2008-07-25,18500,15070
2008-07-26,18600,14688
2008-07-27,18300,14452
2008-07-28,18200,14584
2008-07-29,18500,14975
2008-07-30,18700,15133
2008-07-31,18700,15000
2008-08-01,18600,15048
2008-08-02,18600,14735
2008-08-03,18100,14212
2008-08-04,18000,14931
2008-08-05,18500,15238
2008-08-06,18500,15222
2008-08-07,18500,15065
2008-08-08,18400,15066
2008-08-09,18500,14618
2008-08-10,18200,14119
2008-08-11,18100,14917
2008-08-12,18500,15199
2008-08-13,18500,15170
2008-08-14,18600,15150
2008-08-15,18500,15204
2008-08-16,18700,14635
2008-08-17,18300,14385
2008-08-18,18200,15027
2008-08-19,18300,15110
2008-08-20,18700,15101
2008-08-21,18500,15223
2008-08-22,18300,15200
2008-08-23,18300,14661
2008-08-24,18100,14273
2008-08-25,18100,14853
2008-08-26,18500,15114
2008-08-27,18500,15271
2008-08-28,18300,15112
2008-08-29,18500,15092
2008-08-30,18400,14388
2008-08-31,18000,14130
2008-09-01,17100,13894
2008-09-02,12600,12435
2008-09-03,12500,12408
2008-09-04,12500,12400
2008-09-05,12500,12402
2008-09-06,12500,12404
2008-09-07,12400,12376
2008-09-08,12400,12400
2008-09-09,12500,12394
2008-09-10,12500,12402
2008-09-11,12500,12370
2008-09-12,12500,12398
2008-09-13,12400,12399
2008-09-14,12400,12343
2008-09-15,12400,12359
2008-09-16,12500,12278
2008-09-17,12500,12355
2008-09-18,12500,12401
2008-09-19,12500,12407
2008-09-20,12400,12398
2008-09-21,12400,12396
2008-09-22,12500,12391
2008-09-23,12500,12419
2008-09-24,12600,12439
2008-09-25,12400,12390
2008-09-26,12400,12376
2008-09-27,12400,12385
2008-09-28,12400,12391
2008-09-29,12400,12400
2008-09-30,12700,12446
2008-10-01,12800,12467
2008-10-02,12500,12451
2008-10-03,12600,12331
2008-10-04,12400,12223
2008-10-05,12400,12372
2008-10-06,12600,12429
2008-10-07,12500,12417
2008-10-08,12400,12356
2008-10-09,12600,12443
2008-10-10,12500,12409
2008-10-11,12600,12443
2008-10-12,12600,12518
2008-10-13,NA,NA
2008-10-14,12400,12375
2008-10-15,12400,12383
2008-10-16,12400,12380
2008-10-17,12400,12381
2008-10-18,12400,12399
2008-10-19,12400,12399
2008-10-20,12400,12400
2008-10-21,12400,12378
2008-10-22,12400,12321
2008-10-23,12400,12361
2008-10-24,NA,NA
2008-10-25,NA,NA
2008-10-26,12500,12425
2008-10-27,12700,12530
2008-10-28,12500,12369
2008-10-29,12400,12362
2008-10-30,12500,12333
2008-10-31,12400,12357
2008-11-01,12400,10761
2008-11-02,12300,9907
2008-11-03,12700,10471
2008-11-04,12800,10577
2008-11-05,12500,10527
2008-11-06,12500,10262
2008-11-07,12800,11816
2008-11-09,11900,9252
2008-11-10,12700,10407
2008-11-11,13000,10708
2008-11-12,12900,10575
2008-11-13,12800,10252
2008-11-14,13100,10775
2008-11-15,12600,9885
2008-11-16,12900,10007
2008-11-17,13000,10605
2008-11-18,12800,10922
2008-11-19,12400,10504
2008-11-20,12900,10288
2008-11-21,12800,10294
2008-11-22,12900,10108
2008-11-23,12600,9693
2008-11-24,12900,10544
2008-11-25,12800,10271
2008-11-26,12900,10296
2008-11-27,13000,10139
2008-11-28,12400,10280
2008-11-29,12900,9975
2008-11-30,12500,9787
2008-12-01,15700,12095
2008-12-02,16700,13711
2008-12-03,16700,13598
2008-12-04,16700,13549
2008-12-05,16700,13723
2008-12-06,16600,12791
2008-12-07,15900,12377
2008-12-08,16300,13313
2008-12-09,15500,13959
2008-12-10,16400,13557
2008-12-11,16900,13699
2008-12-12,16900,13765
2008-12-13,16600,12695
2008-12-14,16200,12400
2008-12-15,16200,13364
2008-12-16,16600,13605
2008-12-17,16600,13814
2008-12-18,16600,13398
2008-12-19,16600,13528
2008-12-20,16600,12914
2008-12-21,16300,12401
2008-12-22,16600,13595
2008-12-23,16500,13542
2008-12-24,16600,13681
2008-12-25,16900,12895
2008-12-26,16200,13359
2008-12-27,16900,13108
2008-12-28,16500,12736
2008-12-29,16400,13391
2008-12-30,16800,13724
2008-12-31,16900,13809
2009-01-01,16900,13061
2009-01-02,16500,13362
2009-01-03,16900,13169
2009-01-04,15900,12504
2009-01-05,16600,13719
2009-01-06,16700,13886
2009-01-07,16400,13483
2009-01-08,16400,13503
2009-01-09,16800,13836
2009-01-10,16400,12813
2009-01-11,16300,12727
2009-01-12,16200,13505
2009-01-13,16500,13615
2009-01-14,17000,13781
2009-01-15,16800,13912
2009-01-16,16700,13700
2009-01-17,16600,12963
2009-01-18,16300,12607
2009-01-19,16400,13566
2009-01-20,16500,13676
2009-01-21,16400,13425
2009-01-22,16500,13629
2009-01-23,16500,13718
2009-01-24,16800,13018
2009-01-25,16100,12611
2009-01-26,16500,13627
2009-01-27,16900,13758
2009-01-28,16600,13687
2009-01-29,16600,13718
2009-01-30,16400,13586
2009-01-31,16400,12798
2009-02-01,14400,11368
2009-02-02,13100,11079
2009-02-03,13200,11092
2009-02-04,13300,11273
2009-02-05,13400,11231
2009-02-06,13400,11267
2009-02-07,13400,10827
2009-02-08,13300,10382
2009-02-09,13500,11146
2009-02-10,13500,11371
2009-02-11,13400,11233
2009-02-12,13400,11174
2009-02-13,13400,11229
2009-02-14,13300,10719
2009-02-15,13300,10352
2009-02-16,13400,11096
2009-02-17,13300,11195
2009-02-18,13300,11126
2009-02-19,13400,11082
2009-02-20,13300,11092
2009-02-21,13100,10758
2009-02-22,13000,10172
2009-02-23,13000,10870
2009-02-24,13200,11117
2009-02-25,13300,11167
2009-02-26,13400,11253
2009-02-27,13500,11350
2009-02-28,13500,11151
2009-03-01,12700,9877
2009-03-02,12700,10430
2009-03-03,12800,10586
2009-03-04,12700,10574
2009-03-05,12500,10535
2009-03-06,12300,10436
2009-03-07,12400,9933
2009-03-08,12200,9565
2009-03-09,12600,10352
2009-03-10,12400,10441
2009-03-11,12800,10540
2009-03-12,12800,10506
2009-03-13,12800,10483
2009-03-14,12800,10018
2009-03-15,12300,9721
2009-03-16,12300,10230
2009-03-17,12800,10517
2009-03-18,12900,10604
2009-03-19,12800,10496
2009-03-20,13000,10623
2009-03-21,12900,10042
2009-03-22,12500,9834
2009-03-23,12300,10386
2009-03-24,12500,10501
2009-03-25,12600,10361
2009-03-26,12700,10373
2009-03-27,12900,10529
2009-03-28,12800,9905
2009-03-29,12000,9671
2009-03-30,12300,10202
2009-03-31,12600,10522
2009-04-01,12700,10557
2009-04-02,12400,10480
2009-04-03,12400,10494
2009-04-04,12100,9829
2009-04-05,12000,9831
2009-04-06,12400,10363
2009-04-07,12400,10569
2009-04-08,12400,10460
2009-04-09,12400,10484
2009-04-10,12400,10484
2009-04-11,12600,10044
2009-04-12,12500,9963
2009-04-13,12200,10413
2009-04-14,12400,10477
2009-04-15,12400,10502
2009-04-16,12400,10501
2009-04-17,12300,10536
2009-04-18,12400,10022
2009-04-19,12200,9896
2009-04-20,12400,10310
2009-04-21,12400,10526
2009-04-22,12400,10391
2009-04-23,12400,10445
2009-04-24,12300,10319
2009-04-25,12300,9806
2009-04-26,12100,9637
2009-04-27,12000,10144
2009-04-28,12200,10214
2009-04-29,12400,10324
2009-04-30,12400,10148
2009-05-01,12500,10237
2009-05-02,12700,10171
2009-05-03,12500,9942
2009-05-04,12200,10283
2009-05-05,12600,10460
2009-05-06,12800,10349
2009-05-07,12600,10333
2009-05-08,12700,10338
2009-05-09,12600,10041
2009-05-10,12300,9752
2009-05-11,12400,10196
2009-05-12,12500,10356
2009-05-13,12600,10328
2009-05-14,12300,10121
2009-05-15,12400,10226
2009-05-16,12400,9909
2009-05-17,12400,9682
2009-05-18,12100,10167
2009-05-19,12400,10295
2009-05-20,12700,10456
2009-05-21,12700,10439
2009-05-22,12700,8983
2009-05-23,8210,8020
2009-05-24,8040,7972
2009-05-25,8000,7958
2009-05-26,8040,7954
2009-05-27,8110,8042
2009-05-28,8280,8119
2009-05-29,8250,8090
2009-05-30,8210,8066
2009-05-31,11400,8510
2009-06-01,12100,10360
2009-06-02,12600,10498
2009-06-03,12700,10627
2009-06-04,12900,10561
2009-06-05,12800,10786
2009-06-06,13000,10600
2009-06-07,12200,10109
2009-06-08,12300,10381
2009-06-09,13000,10858
2009-06-10,13000,10891
2009-06-11,13200,10895
2009-06-12,13000,10874
2009-06-13,12900,10294
2009-06-14,12500,9832
2009-06-15,12100,10111
2009-06-16,13300,11194
2009-06-17,14200,12027
2009-06-18,14100,12270
2009-06-19,14200,12247
2009-06-20,14100,11646
2009-06-21,13700,11028
2009-06-22,14100,11661
2009-06-23,14300,12424
2009-06-24,14400,12559
2009-06-25,14400,12619
2009-06-26,14600,12608
2009-06-27,14400,11996
2009-06-28,14300,11358
2009-06-29,13900,11925
2009-06-30,13800,11786
2009-07-01,15800,12562
2009-07-02,16000,13481
2009-07-03,16700,13394
2009-07-04,17000,12854
2009-07-05,16300,12482
2009-07-06,16600,13095
2009-07-07,17000,13658
2009-07-08,16900,13585
2009-07-09,17000,13488
2009-07-10,16900,13684
2009-07-11,17200,13427
2009-07-12,16600,12702
2009-07-13,17000,13358
2009-07-14,17200,13787
2009-07-15,17000,13567
2009-07-16,17300,13890
2009-07-17,17200,14002
2009-07-18,17200,13353
2009-07-19,16900,12903
2009-07-20,17600,13715
2009-07-21,17600,14219
2009-07-22,17300,13949
2009-07-23,17300,13951
2009-07-24,17500,13843
2009-07-25,17000,13249
2009-07-26,16400,12607
2009-07-27,17000,13259
2009-07-28,17200,13847
2009-07-29,17100,13769
2009-07-30,17000,13748
2009-07-31,17200,13820
2009-08-01,17200,13332
2009-08-02,17000,12862
2009-08-03,17000,13406
2009-08-04,17200,13822
2009-08-05,17200,14007
2009-08-06,17300,13861
2009-08-07,17300,13839
2009-08-08,17300,13437
2009-08-09,17000,12877
2009-08-10,16900,13356
2009-08-11,17100,13677
2009-08-12,17100,13638
2009-08-13,17200,13869
2009-08-14,17200,13720
2009-08-15,17200,13295
2009-08-16,17200,12855
2009-08-17,16800,13268
2009-08-18,17100,13687
2009-08-19,17300,13782
2009-08-20,17200,13734
2009-08-21,17200,13632
2009-08-22,17100,13241
2009-08-23,17100,12732
2009-08-24,16900,13122
2009-08-25,17300,13751
2009-08-26,17200,13755
2009-08-27,17300,13773
2009-08-28,17300,13759
2009-08-29,17100,13528
2009-08-30,17000,13272
2009-08-31,16200,13284
2009-09-01,15900,12199
2009-09-02,10300,10214
2009-09-03,10400,10225
2009-09-04,10400,10396
2009-09-05,10500,10371
2009-09-06,10400,10379
2009-09-07,10500,10393
2009-09-08,10800,10451
2009-09-09,10400,10307
2009-09-10,10400,10301
2009-09-11,10300,10297
2009-09-12,10400,10297
2009-09-13,10400,10295
2009-09-14,10400,10299
2009-09-15,10500,10332
2009-09-16,10400,10323
2009-09-17,10500,10398
2009-09-18,10400,10383
2009-09-19,10400,10339
2009-09-20,10300,9952
2009-09-21,10400,10302
2009-09-22,10400,10292
2009-09-23,10300,10283
2009-09-24,10300,10227
2009-09-25,10300,10201
2009-09-26,10300,10204
2009-09-27,10300,10218
2009-09-28,10400,10212
2009-09-29,10300,10215
2009-09-30,10400,10250
2009-10-01,10300,10242
2009-10-02,10300,10299
2009-10-03,10400,10301
2009-10-04,10500,10305
2009-10-05,10500,10320
2009-10-06,10400,10309
2009-10-07,10400,10304
2009-10-08,10600,10334
2009-10-09,10600,10328
2009-10-10,10300,10282
2009-10-11,10300,10236
2009-10-12,10300,10233
2009-10-13,10300,10228
2009-10-14,10300,10242
2009-10-15,10300,10229
2009-10-16,10300,10207
2009-10-17,10200,10168
2009-10-18,10200,10176
2009-10-19,10200,10184
2009-10-20,10300,10180
2009-10-21,10500,10270
2009-10-22,10500,10381
2009-10-23,10700,10598
2009-10-24,10600,10447
2009-10-25,10500,10423
2009-10-26,10500,10393
2009-10-27,10500,10357
2009-10-28,10400,10359
2009-10-29,10500,10378
2009-10-30,10500,10423
2009-10-31,10500,10418
2009-11-01,12700,10538
2009-11-02,14000,12068
2009-11-03,13900,12171
2009-11-04,14000,12107
2009-11-05,14100,12158
2009-11-06,14500,12315
2009-11-07,14000,11612
2009-11-08,13800,11419
2009-11-09,14000,12162
2009-11-10,14000,12127
2009-11-11,13800,11976
2009-11-12,13600,11848
2009-11-13,13800,11967
2009-11-14,13800,11528
2009-11-15,13800,11474
2009-11-16,13900,12237
2009-11-17,14000,12086
2009-11-18,13900,12074
2009-11-19,13700,11938
2009-11-20,13700,12021
2009-11-21,13900,11275
2009-11-22,13700,11310
2009-11-23,13800,11881
2009-11-24,13700,11838
2009-11-25,13500,11856
2009-11-26,13600,11543
2009-11-27,13500,11592
2009-11-28,13600,11180
2009-11-29,13500,11060
2009-11-30,13700,11709
2009-12-01,17800,13565
2009-12-02,17700,14893
2009-12-03,17900,15066
2009-12-04,17600,14806
2009-12-05,17500,13756
2009-12-06,16600,12707
2009-12-07,18400,14292
2009-12-08,18600,15905
2009-12-09,18300,15734
2009-12-10,18400,15702
2009-12-11,18400,15960
2009-12-12,18400,14699
2009-12-13,17700,13714
2009-12-14,18000,14895
2009-12-15,18500,15762
2009-12-16,18300,15778
2009-12-17,18800,15916
2009-12-18,18900,15945
2009-12-19,18400,14578
2009-12-20,18300,14026
2009-12-21,18100,14999
2009-12-22,18800,15868
2009-12-23,18700,15904
2009-12-24,18800,16023
2009-12-25,18800,14493
2009-12-26,17200,13727
2009-12-27,18400,14035
2009-12-28,18200,15006
2009-12-29,18900,15878
2009-12-30,18500,15920
2009-12-31,18700,15930
2010-01-01,18600,15645
2010-01-02,19200,15612
2010-01-03,18700,15478
2010-01-04,19100,16299
2010-01-05,19000,16201
2010-01-06,19100,16306
2010-01-07,19100,16203
2010-01-08,18900,16184
2010-01-09,19100,15532
2010-01-10,18600,15288
2010-01-11,18800,15940
2010-01-12,19100,16274
2010-01-13,19000,15646
2010-01-14,17600,14822
2010-01-15,17900,15071
2010-01-16,17600,14030
2010-01-17,17000,13431
2010-01-18,17600,14718
2010-01-19,17700,15109
2010-01-20,17600,14991
2010-01-21,17700,15027
2010-01-22,17800,14901
2010-01-23,17600,13932
2010-01-24,16700,13207
2010-01-25,17900,14777
2010-01-26,17700,14848
2010-01-27,17400,14702
2010-01-28,17400,14874
2010-01-29,17400,14590
2010-01-30,17600,13970
2010-01-31,16800,13318
2010-02-01,17000,13257
2010-02-02,14200,12142
2010-02-03,14100,11999
2010-02-04,14100,12005
2010-02-05,14200,12144
2010-02-06,14200,11346
2010-02-07,13500,10296
2010-02-08,14000,11216
2010-02-09,14100,12126
2010-02-10,14200,12195
2010-02-11,14000,12108
2010-02-12,14200,12144
2010-02-13,14300,11322
2010-02-14,13200,10162
2010-02-15,14000,11087
2010-02-16,14100,11968
2010-02-17,14200,12055
2010-02-18,14000,12045
2010-02-19,14100,12115
2010-02-20,14000,11222
2010-02-21,13200,10169
2010-02-22,13800,11086
2010-02-23,14200,12157
2010-02-24,14300,12000
2010-02-25,14000,12075
2010-02-26,14300,12170
2010-02-27,14200,11308
2010-02-28,13300,10122
2010-03-01,12600,10336
2010-03-02,12100,10072
2010-03-03,12100,10192
2010-03-04,12300,10136
2010-03-05,12000,10170
2010-03-06,12000,9469
2010-03-07,11700,9174
2010-03-08,12000,9936
2010-03-09,12000,8854
2010-03-10,12100,9777
2010-03-11,12000,10127
2010-03-12,12000,10004
2010-03-13,12000,9554
2010-03-14,11600,8938
2010-03-15,11900,9971
2010-03-16,12200,10284
2010-03-17,12000,10249
2010-03-18,12100,10262
2010-03-19,12200,10341
2010-03-20,11500,9567
2010-03-21,11000,9052
2010-03-22,12000,9607
2010-03-23,12300,10469
2010-03-24,12000,10399
2010-03-25,12100,10436
2010-03-26,12200,10405
2010-03-27,12200,9840
2010-03-28,11600,9318
2010-03-29,12000,10217
2010-03-30,12200,10541
2010-03-31,12300,10517
2010-04-01,12900,10573
2010-04-02,12600,10600
2010-04-03,12700,10196
2010-04-04,12600,9798
2010-04-05,12400,10388
2010-04-06,12800,10718
2010-04-07,12700,10648
2010-04-08,12600,10648
2010-04-09,12600,10579
2010-04-10,12500,10149
2010-04-11,12500,9762
2010-04-12,12800,10540
2010-04-13,12500,10621
2010-04-14,12500,10601
2010-04-15,12700,10602
2010-04-16,12800,10640
2010-04-17,12600,10180
2010-04-18,12600,9861
2010-04-19,12500,10367
2010-04-20,12600,10181
2010-04-21,12400,10029
2010-04-22,12500,10584
2010-04-23,12600,10553
2010-04-24,12500,10093
2010-04-25,12300,9688
2010-04-26,12400,10172
2010-04-27,12600,10475
2010-04-28,12400,10151
2010-04-29,12000,10005
2010-04-30,12600,10346
2010-05-01,12600,10153
2010-05-02,12500,9623
2010-05-03,12400,9987
2010-05-04,12400,10010
2010-05-05,12400,10420
2010-05-06,12700,10562
2010-05-07,12900,10839
2010-05-08,12800,10223
2010-05-09,12200,9615
2010-05-10,12400,9952
2010-05-11,12500,10102
2010-05-12,12600,10185
2010-05-13,12600,9953
2010-05-14,12600,10127
2010-05-15,12100,9904
2010-05-16,11600,9425
2010-05-17,12000,9967
2010-05-18,12300,9810
2010-05-19,12600,10154
2010-05-20,12400,10118
2010-05-21,12200,9917
2010-05-22,12500,9893
2010-05-23,12500,9743
2010-05-24,12500,9964
2010-05-25,12400,10145
2010-05-26,12500,9937
2010-05-27,12200,9937
2010-05-28,12400,9940
2010-05-29,11800,9632
2010-05-30,11600,9379
2010-05-31,11800,9237
2010-06-01,12100,9798
2010-06-02,12900,10507
2010-06-03,12900,10467
2010-06-04,12600,10422
2010-06-05,12700,10105
2010-06-06,12700,9800
2010-06-07,12900,10349
2010-06-08,12800,10425
2010-06-09,12700,10329
2010-06-10,12700,10455
2010-06-11,12600,10420
2010-06-12,12500,10051
2010-06-13,12400,9780
2010-06-14,12400,10209
2010-06-15,12600,10393
2010-06-16,12800,10526
2010-06-17,12900,10510
2010-06-18,12700,10469
2010-06-19,12900,10230
2010-06-20,12900,9927
2010-06-21,12500,10358
2010-06-22,12800,10507
2010-06-23,12700,10429
2010-06-24,12800,10594
2010-06-25,12800,10449
2010-06-26,12600,9979
2010-06-27,12700,9868
2010-06-28,12400,10141
2010-06-29,12700,10156
2010-06-30,12800,10320
2010-07-01,17000,12137
2010-07-02,17200,13828
2010-07-03,17200,13183
2010-07-04,17100,12542
2010-07-05,16000,12157
2010-07-06,16900,13087
2010-07-07,17100,13826
2010-07-08,17200,13784
2010-07-09,17200,13754
2010-07-10,17000,13124
2010-07-11,16900,12566
2010-07-12,17000,13130
2010-07-13,17200,13813
2010-07-14,17200,13771
2010-07-15,17200,13825
2010-07-16,17100,13632
2010-07-17,17100,13201
2010-07-18,17000,12557
2010-07-19,17000,13225
2010-07-20,17500,13877
2010-07-21,17200,13809
2010-07-22,17000,13746
2010-07-23,17200,13850
2010-07-24,17100,13125
2010-07-25,17200,12622
2010-07-26,17100,13244
2010-07-27,17300,13942
2010-07-28,17200,13791
2010-07-29,17000,13763
2010-07-30,17100,13700
2010-07-31,17200,13512
2010-08-01,17200,12874
2010-08-02,17000,13389
2010-08-03,17200,13857
2010-08-04,17200,13883
2010-08-05,17200,13819
2010-08-06,17000,13700
2010-08-07,17000,13166
2010-08-08,16700,12824
2010-08-09,16800,13406
2010-08-10,17100,13711
2010-08-11,17100,13741
2010-08-12,17000,13674
2010-08-13,17100,13784
2010-08-14,17200,13230
2010-08-15,17100,12901
2010-08-16,16600,13400
2010-08-17,17100,13793
2010-08-18,17100,13645
2010-08-19,17000,13705
2010-08-20,17100,13783
2010-08-21,17100,13296
2010-08-22,17000,12841
2010-08-23,16700,13404
2010-08-24,17200,13992
2010-08-25,17000,13939
2010-08-26,16700,13536
2010-08-27,17100,13816
2010-08-28,17000,13211
2010-08-29,17100,13021
2010-08-30,17000,12778
2010-08-31,16300,12547
2010-09-01,15900,11036
2010-09-02,8430,8214
2010-09-03,8250,8165
2010-09-04,8180,8157
2010-09-05,8210,8161
2010-09-06,8280,8195
2010-09-07,8250,8195
2010-09-08,8280,8214
2010-09-09,8280,8189
2010-09-10,8250,8196
2010-09-11,8250,8186
2010-09-12,8250,8177
2010-09-13,8210,8177
2010-09-14,8320,8200
2010-09-15,8360,8249
2010-09-16,8320,8236
2010-09-17,8280,8223
2010-09-18,8390,8227
2010-09-19,8280,8209
2010-09-20,8430,8228
2010-09-21,8390,8262
2010-09-22,8460,8264
2010-09-23,8460,8268
2010-09-24,8430,8234
2010-09-25,8280,8085
2010-09-26,8180,8116
2010-09-27,8500,8192
2010-09-28,8430,8242
2010-09-29,8320,8255
2010-09-30,8390,8168
2010-10-01,8180,8118
2010-10-02,8180,8133
2010-10-03,8280,8180
2010-10-04,8360,8256
2010-10-05,8360,8243
2010-10-06,8610,8305
2010-10-07,8320,8156
2010-10-08,8210,8144
2010-10-09,8210,8184
2010-10-10,8210,8172
2010-10-11,8390,8194
2010-10-12,8280,8196
2010-10-13,8360,8248
2010-10-14,8320,8253
2010-10-15,8390,8253
2010-10-16,8250,8164
2010-10-17,8210,8139
2010-10-18,8250,8168
2010-10-19,8180,8150
2010-10-20,8280,8092
2010-10-21,8390,8119
2010-10-22,8280,8126
2010-10-23,8210,8123
2010-10-24,8180,8136
2010-10-25,8280,8159
2010-10-26,8210,8110
2010-10-27,8180,8129
2010-10-28,8320,8179
2010-10-29,8210,8167
2010-10-30,8180,8144
2010-10-31,8180,8084
2010-11-01,16300,10611
2010-11-02,16200,14156
2010-11-03,16400,14046
2010-11-04,16500,14098
2010-11-05,16500,14166
2010-11-06,16500,13541
2010-11-07,16300,13023
2010-11-08,16300,13668
2010-11-09,16400,14092
2010-11-10,16400,14254
2010-11-11,16400,14301
2010-11-12,16300,14170
2010-11-13,16300,13823
2010-11-14,16100,12872
2010-11-15,16400,14123
2010-11-16,16400,14401
2010-11-17,16400,14248
2010-11-18,16500,14339
2010-11-19,16300,14192
2010-11-20,16500,13840
2010-11-21,16200,13083
2010-11-22,16500,13992
2010-11-23,16500,14398
2010-11-24,16500,14399
2010-11-25,16500,13560
2010-11-26,16400,13799
2010-11-27,16400,13752
2010-11-28,16300,13188
2010-11-29,16300,13978
2010-11-30,16500,14326
2010-12-01,16400,14325
2010-12-02,16300,14149
2010-12-03,16300,14228
2010-12-04,16400,14204
2010-12-05,16400,13671
2010-12-06,16200,13999
2010-12-07,16300,14228
2010-12-08,16400,14231
2010-12-09,16400,14090
2010-12-10,16300,14209
2010-12-11,16300,14027
2010-12-12,16400,13716
2010-12-13,16300,14183
2010-12-14,16300,14197
2010-12-15,16400,14196
2010-12-16,16500,14210
2010-12-17,16300,14212
2010-12-18,16400,14195
2010-12-19,16100,13519
2010-12-20,16300,13993
2010-12-21,16300,14266
2010-12-22,16300,14196
2010-12-23,16200,14119
2010-12-24,16500,14121
2010-12-25,16300,13738
2010-12-26,16200,13498
2010-12-27,16300,14130
2010-12-28,16200,14077
2010-12-29,16300,14246
2010-12-30,16500,14266
2010-12-31,16400,14095
2011-01-01,16200,14004
2011-01-02,16200,14091
2011-01-03,16300,14455
2011-01-04,16200,14423
2011-01-05,16200,14161
2011-01-06,16300,14325
2011-01-07,16200,14252
2011-01-08,16200,14644
2011-01-09,18500,15201
2011-01-10,19800,16810
2011-01-11,20100,17459
2011-01-12,20300,17654
2011-01-13,20300,17570
2011-01-14,20400,17506
2011-01-15,20100,16961
2011-01-16,19600,16503
2011-01-17,20100,17349
2011-01-18,20200,17457
2011-01-19,20300,17464
2011-01-20,20700,17717
2011-01-21,20300,17392
2011-01-22,20300,16902
2011-01-23,19500,16510
2011-01-24,20000,17331
2011-01-25,20300,17539
2011-01-26,20200,17465
2011-01-27,20200,17440
2011-01-28,20400,17555
2011-01-29,20100,16891
2011-01-30,19600,16592
2011-01-31,19900,17254
2011-02-01,20100,17582
2011-02-02,20500,17797
2011-02-03,20200,17656
2011-02-04,20100,18069
2011-02-05,20100,17664
2011-02-06,19500,16682
2011-02-07,20000,17804
2011-02-08,20200,18504
2011-02-09,20300,18617
2011-02-10,20100,18447
2011-02-11,20000,18483
2011-02-12,20000,18340
2011-02-13,20000,18094
2011-02-14,20000,18251
2011-02-15,20000,18273
2011-02-16,20000,18352
2011-02-17,20100,18366
2011-02-18,20000,18292
2011-02-19,20000,18142
2011-02-20,20000,18106
2011-02-21,19800,18149
2011-02-22,20000,17484
2011-02-23,16200,15940
2011-02-24,16000,15869
2011-02-25,16000,15902
2011-02-26,16000,15889
2011-02-27,16100,15903
2011-02-28,16000,15909
2011-03-01,16000,15910
2011-03-02,16000,15928
2011-03-03,16100,15955
2011-03-04,16400,15790
2011-03-05,16400,15947
2011-03-06,16400,15918
2011-03-07,16400,15984
2011-03-08,16500,15968
2011-03-09,16400,16000
2011-03-10,16500,16003
2011-03-11,16500,15852
2011-03-12,16500,16014
2011-03-13,16600,16058
2011-03-14,16500,15955
2011-03-15,16500,16031
2011-03-16,16500,15980
2011-03-17,16600,16030
2011-03-18,16600,16036
2011-03-19,19700,17122
2011-03-20,19800,18349
2011-03-21,19600,18293
2011-03-22,20000,18460
2011-03-23,19900,18575
2011-03-24,19800,18379
2011-03-25,20000,18547
2011-03-26,19900,18560
2011-03-27,19800,18585
2011-03-28,19800,18550
2011-03-29,19800,18530
2011-03-30,19700,18503
2011-03-31,19800,18469
2011-04-01,19800,18567
2011-04-02,19800,18482
2011-04-03,19700,18833
2011-04-04,19800,17706
2011-04-05,16400,16230
2011-04-06,16300,16221
2011-04-07,16400,16243
2011-04-08,16400,16292
2011-04-09,16400,16300
2011-04-10,16400,16294
2011-04-11,16400,16269
2011-04-12,16200,15782
2011-04-13,16000,15834
2011-04-14,16200,15888
2011-04-15,16200,15903
2011-04-16,16000,15843
2011-04-17,15900,15818
2011-04-18,16000,15843
2011-04-19,16000,14560
2011-04-20,15900,15131
2011-04-21,16000,15478
2011-04-22,16000,15848
2011-04-23,15900,15818
2011-04-24,16000,15839
2011-04-25,16000,15858
2011-04-26,16000,15875
2011-04-27,16000,15855
2011-04-28,15900,15820
2011-04-29,16000,15829
2011-04-30,16000,15834
2011-05-01,15900,15196
2011-05-02,14700,14648
2011-05-03,14700,14636
2011-05-04,14700,14607
2011-05-05,15600,15074
2011-05-06,15600,15417
2011-05-07,15500,15420
2011-05-08,15600,15379
2011-05-09,15600,15441
2011-05-10,15500,15429
2011-05-11,15800,15434
2011-05-12,15800,15212
2011-05-13,15100,14927
2011-05-14,22400,18847
2011-05-15,22400,22193
2011-05-16,22400,22190
2011-05-17,22400,22198
2011-05-18,23100,22444
2011-05-19,23000,22729
2011-05-20,22900,22709
2011-05-21,22900,22685
2011-05-22,22800,22659
2011-05-23,22700,22572
2011-05-24,22700,22160
2011-05-25,22700,22540
2011-05-26,22700,22460
2011-05-27,22700,22466
2011-05-28,22700,22438
2011-05-29,23100,22525
2011-05-30,23300,22839
2011-05-31,23100,22715
2011-06-01,23300,22799
2011-06-02,23600,23138
2011-06-03,23500,22723
2011-06-04,22900,22451
2011-06-05,23200,22750
2011-06-06,22700,22284
2011-06-07,22000,21694
2011-06-08,22500,21970
2011-06-09,22500,22039
2011-06-10,22500,22068
2011-06-11,22500,22224
2011-06-12,23600,22648
2011-06-13,23500,23310
2011-06-14,23400,23269
2011-06-15,23300,23007
2011-06-16,23500,23218
2011-06-17,24100,23502
2011-06-18,24200,23568
2011-06-19,24100,23845
2011-06-20,24000,23834
2011-06-21,23900,23776
2011-06-22,25100,24050
2011-06-23,25100,24130
2011-06-24,25100,24482
2011-06-25,25200,24419
2011-06-26,25000,24341
2011-06-27,25000,24345
2011-06-28,25000,24789
2011-06-29,25300,24932
2011-06-30,25300,24972
2011-07-01,25200,24824
2011-07-02,25200,24799
2011-07-03,24900,24634
2011-07-04,24600,18828
2011-07-05,25000,23160
2011-07-06,25300,24736
2011-07-07,26200,25710
2011-07-08,26000,25719
2011-07-09,25900,25661
2011-07-10,25900,25642
2011-07-11,25700,25523
2011-07-12,25300,24670
2011-07-13,24700,24384
2011-07-14,24600,24341
2011-07-15,24600,24253
2011-07-16,24600,24275
2011-07-17,24600,24240
2011-07-18,24600,24097
2011-07-19,24800,23930
2011-07-20,25000,24473
2011-07-21,24900,24540
2011-07-22,24900,24503
2011-07-23,24800,24424
2011-07-24,24800,24468
2011-07-25,24800,24483
2011-07-26,24900,24531
2011-07-27,24800,24477
2011-07-28,24900,24491
2011-07-29,24800,24493
2011-07-30,24800,24499
2011-07-31,25000,24493
2011-08-01,25000,24373
2011-08-02,24800,24421
2011-08-03,24800,23214
2011-08-04,24800,24027
2011-08-05,24800,24496
2011-08-06,24800,24473
2011-08-07,25000,24566
2011-08-08,25000,24570
2011-08-09,25300,24782
2011-08-10,25300,24954
2011-08-11,25400,24973
2011-08-12,25400,25011
2011-08-13,25500,25008
2011-08-14,25400,25010
2011-08-15,25300,25024
2011-08-16,25400,25044
2011-08-17,25400,25054
2011-08-18,25500,25108
2011-08-19,25500,25052
2011-08-20,25500,25100
2011-08-21,25700,25136
2011-08-22,25500,25118
2011-08-23,25400,25091
2011-08-24,25500,25102
2011-08-25,25300,25015
2011-08-26,25400,24947
2011-08-27,25300,24970
2011-08-28,25500,25059
2011-08-29,25100,23379
2011-08-30,24300,21059
2011-08-31,21700,18982
2011-09-01,19700,17412
2011-09-02,16200,16016
2011-09-03,16000,15992
2011-09-04,16200,16041
2011-09-05,16300,16148
2011-09-06,16300,16086
2011-09-07,16000,15870
2011-09-08,16000,15923
2011-09-09,16200,16011
2011-09-10,16200,16090
2011-09-11,16200,16055
2011-09-12,16200,16042
2011-09-13,16300,16094
2011-09-14,16400,16107
2011-09-15,16400,16091
2011-09-16,16400,16192
2011-09-17,16400,16201
2011-09-18,16300,16157
2011-09-19,16400,16207
2011-09-20,16200,16016
2011-09-21,16000,15874
2011-09-22,16100,15955
2011-09-23,16200,16019
2011-09-24,16200,16021
2011-09-25,16200,16010
2011-09-26,16200,16026
2011-09-27,16200,16076
2011-09-28,16300,16080
2011-09-29,16200,16062
2011-09-30,16200,16026
2011-10-01,16200,16097
2011-10-02,16200,16033
2011-10-03,16200,16070
2011-10-04,16400,16131
2011-10-05,16200,16069
2011-10-06,16300,16164
2011-10-07,16500,16394
2011-10-08,16500,16392
2011-10-09,16400,16272
2011-10-10,16300,16193
2011-10-11,16300,16073
2011-10-12,16300,15964
2011-10-13,16100,15943
2011-10-14,16000,15901
2011-10-15,16200,15904
2011-10-16,16000,15914
2011-10-17,16000,15919
2011-10-18,15900,15783
2011-10-19,15800,15739
2011-10-20,15900,15746
2011-10-21,15900,15745
2011-10-22,15900,15728
2011-10-23,15900,15739
2011-10-24,15800,15700
2011-10-25,15800,15730
2011-10-26,15900,15752
2011-10-27,15800,15696
2011-10-28,15700,15691
2011-10-29,15800,15679
2011-10-30,15800,15623
2011-10-31,15700,15651
2011-11-01,15700,15164
2011-11-02,15300,15175
2011-11-03,15400,15262
2011-11-04,15400,15305
2011-11-05,15400,15320
2011-11-06,15400,15220
2011-11-07,15200,15146
2011-11-08,15300,15147
2011-11-09,15300,15083
2011-11-10,15200,15059
2011-11-11,19200,17326
2011-11-12,19200,19108
2011-11-13,19400,19207
2011-11-14,19400,19318
2011-11-15,19700,19435
2011-11-16,19700,19498
2011-11-17,19500,19312
2011-11-18,20700,20004
2011-11-19,21100,20922
2011-11-20,21100,21026
2011-11-21,21200,21097
2011-11-22,21100,20878
2011-11-23,20900,20784
2011-11-24,20900,20821
2011-11-25,21200,20912
2011-11-26,21000,20864
2011-11-27,20900,20868
2011-11-28,21100,20879
2011-11-29,20900,20812
2011-11-30,20900,20023
2011-12-01,20900,20492
2011-12-02,20400,20273
2011-12-03,20500,20310
2011-12-04,20500,20390
2011-12-05,20500,20412
2011-12-06,20500,20328
2011-12-07,20500,20338
2011-12-08,20500,20331
2011-12-09,20600,20356
2011-12-10,20600,20375
2011-12-11,20500,20354
2011-12-12,20500,20379
2011-12-13,20500,20356
2011-12-14,20600,20316
2011-12-15,20500,20300
2011-12-16,20500,20312
2011-12-17,20500,20277
2011-12-18,20500,20348
2011-12-19,20500,20322
2011-12-20,20600,20342
2011-12-21,20400,20284
2011-12-22,20400,20303
2011-12-23,20400,20309
2011-12-24,20400,20299
2011-12-25,20400,20290
2011-12-26,20400,20303
2011-12-27,20400,20283
2011-12-28,20400,18710
2011-12-29,17800,17126
2011-12-30,17500,17065
2011-12-31,17500,17272
2012-01-01,17600,14959
2012-01-02,17700,14823
2012-01-03,18800,15986
2012-01-04,18900,16551
2012-01-05,18700,16616
2012-01-06,18800,16688
2012-01-07,18800,16508
2012-01-08,18100,14794
2012-01-09,18500,16123
2012-01-10,18700,15117
2012-01-11,15500,12994
2012-01-12,16400,13081
2012-01-13,16200,12912
2012-01-14,16200,12783
2012-01-15,14900,11831
2012-01-16,14900,12576
2012-01-17,15800,12911
2012-01-18,16200,13103
2012-01-19,16200,13251
2012-01-20,16300,13153
2012-01-21,16100,12723
2012-01-22,15800,12143
2012-01-23,14600,12492
2012-01-24,16400,12995
2012-01-25,16000,13052
2012-01-26,15700,13033
2012-01-27,16500,13230
2012-01-28,16400,12916
2012-01-29,15500,12140
2012-01-30,15000,12524
2012-01-31,15800,13182
2012-02-01,16000,12505
2012-02-02,13100,11430
2012-02-03,13000,11570
2012-02-04,13000,11601
2012-02-05,13000,10386
2012-02-06,12900,11080
2012-02-07,13200,11731
2012-02-08,13000,11472
2012-02-09,13000,11801
2012-02-10,13200,11846
2012-02-11,13000,11687
2012-02-12,13000,10497
2012-02-13,12900,11206
2012-02-14,13100,11758
2012-02-15,13000,11618
2012-02-16,13300,11796
2012-02-17,13100,11734
2012-02-18,13200,11703
2012-02-19,12900,10470
2012-02-20,12900,11210
2012-02-21,13300,11736
2012-02-22,13100,11773
2012-02-23,13400,11556
2012-02-24,13000,11292
2012-02-25,12800,11084
2012-02-26,12800,10164
2012-02-27,12600,10978
2012-02-28,13300,11460
2012-02-29,13500,11348
2012-03-01,13000,10563
2012-03-02,12700,10111
2012-03-03,12900,9923
2012-03-04,12200,9052
2012-03-05,12100,9747
2012-03-06,12900,10234
2012-03-07,12800,10103
2012-03-08,12600,10294
2012-03-09,13100,10375
2012-03-10,12800,9762
2012-03-11,12200,8880
2012-03-12,11600,9418
2012-03-13,12600,10253
2012-03-14,13200,10448
2012-03-15,13000,10289
2012-03-16,12400,10041
2012-03-17,12500,9663
2012-03-18,12100,8925
2012-03-19,11500,9412
2012-03-20,12600,10229
2012-03-21,12900,10281
2012-03-22,12500,10074
2012-03-23,12700,10238
2012-03-24,12700,9810
2012-03-25,12300,8866
2012-03-26,11900,9146
2012-03-27,12500,10067
2012-03-28,12500,9794
2012-03-29,12200,10142
2012-03-30,12900,10514
2012-03-31,12700,9818
2012-04-01,12100,9283
2012-04-02,12100,9930
2012-04-03,13000,10615
2012-04-04,13400,10775
2012-04-05,13600,11140
2012-04-06,13700,10934
2012-04-07,13200,10204
2012-04-08,12700,9456
2012-04-09,12000,9784
2012-04-10,12900,10524
2012-04-11,13100,10749
2012-04-12,13500,10863
2012-04-13,13700,10880
2012-04-14,13300,10292
2012-04-15,12100,9465
2012-04-16,12100,9778
2012-04-17,13100,10626
2012-04-18,13300,10667
2012-04-19,13000,10684
2012-04-20,13400,10716
2012-04-21,13000,10033
2012-04-22,12400,9324
2012-04-23,12400,9974
2012-04-24,13200,10597
2012-04-25,13100,10462
2012-04-26,13200,10551
2012-04-27,13100,10394
2012-04-28,13000,9808
2012-04-29,12900,9403
2012-04-30,12300,9894
2012-05-01,13300,10398
2012-05-02,12400,10005
2012-05-03,12200,10080
2012-05-04,12500,10247
2012-05-05,12600,9665
2012-05-06,11800,9075
2012-05-07,12300,9609
2012-05-08,12700,10391
2012-05-09,12700,10364
2012-05-10,12600,10349
2012-05-11,12600,10316
2012-05-12,12600,9692
2012-05-13,11800,9032
2012-05-14,12100,9593
2012-05-15,12500,10315
2012-05-16,12700,10307
2012-05-17,12500,10266
2012-05-18,12600,10368
2012-05-19,12700,9801
2012-05-20,12000,9043
2012-05-21,11600,9355
2012-05-22,12500,10268
2012-05-23,12700,10239
2012-05-24,12600,10385
2012-05-25,12200,9833
2012-05-26,12500,9612
2012-05-27,11700,8912
2012-05-28,11500,8666
2012-05-29,12100,9519
2012-05-30,12600,10008
2012-05-31,12000,9920
2012-06-01,15500,11644
2012-06-02,15500,11479
2012-06-03,14000,10574
2012-06-04,15100,11128
2012-06-05,15300,12796
2012-06-06,15400,12844
2012-06-07,15200,12796
2012-06-08,15200,12797
2012-06-09,15500,11326
2012-06-10,15200,11000
2012-06-11,15200,11300
2012-06-12,15400,12803
2012-06-13,15500,12553
2012-06-14,15300,12443
2012-06-15,15200,12523
2012-06-16,15200,11106
2012-06-17,14400,10645
2012-06-18,14900,11056
2012-06-19,15400,12874
2012-06-20,15600,12746
2012-06-21,15200,12450
2012-06-22,15300,12533
2012-06-23,15400,11217
2012-06-24,14700,10754
2012-06-25,15200,11234
2012-06-26,15200,12793
2012-06-27,15600,12824
2012-06-28,15600,12990
2012-06-29,15600,12586
2012-06-30,15100,11119
2012-07-01,16500,12447
2012-07-02,19100,15291
2012-07-03,19200,15166
2012-07-04,18300,13598
2012-07-05,17600,14228
2012-07-06,17900,14458
2012-07-07,18100,14241
2012-07-08,17400,13518
2012-07-09,18400,14567
2012-07-10,18700,15069
2012-07-11,18700,14899
2012-07-12,17900,14988
2012-07-13,17700,14247
2012-07-14,18200,14026
2012-07-15,18100,13779
2012-07-16,18100,14654
2012-07-17,18600,15042
2012-07-18,18400,14884
2012-07-19,18300,14599
2012-07-20,18300,14761
2012-07-21,18400,14440
2012-07-22,18500,13898
2012-07-23,18100,14747
2012-07-24,18300,14846
2012-07-25,18300,14626
2012-07-26,18200,14685
2012-07-27,18200,14628
2012-07-28,18300,14515
2012-07-29,18100,13867
2012-07-30,17900,14535
2012-07-31,18200,14907
2012-08-01,18500,14288
2012-08-02,17300,13600
2012-08-03,17600,13822
2012-08-04,17700,12988
2012-08-05,16900,12541
2012-08-06,17100,13559
2012-08-07,17500,14236
2012-08-08,17500,13891
2012-08-09,17500,13834
2012-08-10,17200,13690
2012-08-11,17100,12629
2012-08-12,16700,12382
2012-08-13,17500,13733
2012-08-14,17800,13273
2012-08-15,17100,13885
2012-08-16,17200,13806
2012-08-17,17200,13863
2012-08-18,17300,12954
2012-08-19,17100,12519
2012-08-20,16900,13347
2012-08-21,17200,13686
2012-08-22,17600,13888
2012-08-23,17800,14165
2012-08-24,17700,13735
2012-08-25,17000,12558
2012-08-26,16000,11961
2012-08-27,16900,13228
2012-08-28,17400,14297
2012-08-29,17500,13130
2012-08-30,14200,11254
2012-08-31,12100,10102
2012-09-01,10100,8739
2012-09-02,8180,8094
2012-09-03,8180,8102
2012-09-04,8390,8129
2012-09-05,8430,8168
2012-09-06,8500,8232
2012-09-07,8280,8228
2012-09-08,8280,8066
2012-09-09,8040,7925
2012-09-10,8070,7974
2012-09-11,8110,8009
2012-09-12,8000,7963
2012-09-13,8070,7973
2012-09-14,8110,7987
2012-09-15,8040,7951
2012-09-16,8000,7965
2012-09-17,8040,7993
2012-09-18,8070,7990
2012-09-19,8000,7981
2012-09-20,8140,7990
2012-09-21,8070,8029
2012-09-22,8110,8012
2012-09-23,8110,8043
2012-09-24,8070,8014
2012-09-25,8110,8018
2012-09-26,8040,7935
2012-09-27,8000,7964
2012-09-28,8140,7984
2012-09-29,8140,8009
2012-09-30,8110,8015
2012-10-01,8180,8094
2012-10-02,8210,8042
2012-10-03,8390,8152
2012-10-04,8140,8046
2012-10-05,8110,8021
2012-10-06,8070,7972
2012-10-07,8070,8016
2012-10-08,8070,8023
2012-10-09,8140,8052
2012-10-10,8180,8043
2012-10-11,8320,8089
2012-10-12,8180,8107
2012-10-13,8110,8099
2012-10-14,8140,8063
2012-10-15,8140,8080
2012-10-16,8070,8027
2012-10-17,8110,8002
2012-10-18,8110,8015
2012-10-19,7970,7938
2012-10-20,8180,8046
2012-10-21,8110,8034
2012-10-22,8070,8027
2012-10-23,8210,8077
2012-10-24,8180,8109
2012-10-25,8180,8093
2012-10-26,8110,8052
2012-10-27,8140,8063
2012-10-28,8070,8052
2012-10-29,8210,8049
2012-10-30,8320,8124
2012-10-31,8180,8072
2012-11-01,8830,7762
2012-11-02,9010,8083
2012-11-03,9010,8069
2012-11-04,9010,8086
2012-11-05,9090,8090
2012-11-06,9090,8119
2012-11-07,9090,8097
2012-11-08,9090,8360
2012-11-09,9090,8111
2012-11-10,9120,8035
2012-11-11,8900,7979
2012-11-12,8900,7948
2012-11-13,9010,7945
2012-11-14,9240,8109
2012-11-15,9050,8069
2012-11-16,8940,8036
2012-11-17,8970,8062
2012-11-18,8970,8093
2012-11-19,31500,16158
2012-11-20,44700,42238
2012-11-21,44800,43120
2012-11-22,40400,37233
2012-11-23,34400,29810
2012-11-24,18400,9552
2012-11-25,8860,7870
2012-11-26,8830,7909
2012-11-27,8970,7976
2012-11-28,8970,8001
2012-11-29,8900,7954
2012-11-30,8940,7991
2012-12-01,15600,10393
2012-12-02,16300,12667
2012-12-03,15500,12104
2012-12-04,14700,12069
2012-12-05,14500,11889
2012-12-06,14300,11630
2012-12-07,15800,12788
2012-12-08,16300,13292
2012-12-09,16100,12624
2012-12-10,16600,13318
2012-12-11,16700,13499
2012-12-12,16300,13428
2012-12-13,16300,13531
2012-12-14,16300,13473
2012-12-15,16600,13434
2012-12-16,16400,12611
2012-12-17,15900,12947
2012-12-18,16400,13423
2012-12-19,16500,13497
2012-12-20,16400,13490
2012-12-21,16400,13428
2012-12-22,16200,13333
2012-12-23,16200,12593
2012-12-24,15800,13082
2012-12-25,16300,12651
2012-12-26,15700,13108
2012-12-27,16400,13464
2012-12-28,16700,13532
2012-12-29,16600,13422
2012-12-30,16300,12829
2012-12-31,16500,13646
2013-01-01,16500,13329
2013-01-02,16100,13176
2013-01-03,16000,13201
2013-01-04,16000,13204
2013-01-05,16100,12841
2013-01-06,16100,12621
2013-01-07,15900,13094
2013-01-08,15900,13181
2013-01-09,15700,13098
2013-01-10,16100,13338
2013-01-11,16300,13291
2013-01-12,16100,12847
2013-01-13,16000,12448
2013-01-14,15800,12984
2013-01-15,16000,13095
2013-01-16,16000,13126
2013-01-17,15700,13017
2013-01-18,15800,13016
2013-01-19,16200,12815
2013-01-20,16500,12701
2013-01-21,15800,13033
2013-01-22,16000,13131
2013-01-23,16000,13203
2013-01-24,16300,13310
2013-01-25,16000,13088
2013-01-26,15800,12848
2013-01-27,15600,12459
2013-01-28,15800,13028
2013-01-29,16300,13252
2013-01-30,16200,13281
2013-01-31,16000,13218
2013-02-01,15400,12004
2013-02-02,13400,10508
2013-02-03,12500,9807
2013-02-04,12400,10493
2013-02-05,13800,11197
2013-02-06,13800,11071
2013-02-07,13500,11000
2013-02-08,13200,10968
2013-02-09,13200,10362
2013-02-10,12700,9993
2013-02-11,12900,10827
2013-02-12,13700,10963
2013-02-13,13600,11064
2013-02-14,13400,11058
2013-02-15,13600,11126
2013-02-16,13600,10478
2013-02-17,12600,9748
2013-02-18,12700,10581
2013-02-19,13400,10988
2013-02-20,13400,11024
2013-02-21,13400,11104
2013-02-22,13300,11040
2013-02-23,13400,10476
2013-02-24,12500,9830
2013-02-25,12700,10679
2013-02-26,13200,10751
2013-02-27,13500,10922
2013-02-28,13400,10897
2013-03-01,13500,10562
2013-03-02,12100,9382
2013-03-03,12000,8839
2013-03-04,11900,9646
2013-03-05,12100,9884
2013-03-06,12000,9842
2013-03-07,12000,9994
2013-03-08,11900,9878
2013-03-09,12000,9422
2013-03-10,11500,8613
2013-03-11,11800,9575
2013-03-12,12000,9881
2013-03-13,12100,10095
2013-03-14,11800,9981
2013-03-15,12000,9903
2013-03-16,12100,9545
2013-03-17,11800,8841
2013-03-18,11600,9536
2013-03-19,12100,10201
2013-03-20,11700,9939
2013-03-21,12000,9995
2013-03-22,12000,10061
2013-03-23,11700,9588
2013-03-24,10900,8694
2013-03-25,11300,9453
2013-03-26,12000,10045
2013-03-27,12300,10247
2013-03-28,11900,10191
2013-03-29,11800,10093
2013-03-30,12000,9524
2013-03-31,11900,8934
2013-04-01,11300,9257
2013-04-02,11400,9664
2013-04-03,11300,9572
2013-04-04,11400,9463
2013-04-05,11400,9628
2013-04-06,11400,9124
2013-04-07,11000,8393
2013-04-08,11400,9075
2013-04-09,11600,9571
2013-04-10,11200,9596
2013-04-11,11600,9591
2013-04-12,11100,9530
2013-04-13,11400,9025
2013-04-14,11100,8493
2013-04-15,11100,9040
2013-04-16,11000,9551
2013-04-17,11400,9716
2013-04-18,11300,9753
2013-04-19,11200,9542
2013-04-20,11100,8887
2013-04-21,10300,8303
2013-04-22,11200,8851
2013-04-23,11300,9687
2013-04-24,11000,9474
2013-04-25,11200,9456
2013-04-26,11100,9383
2013-04-27,11000,8685
2013-04-28,10700,8215
2013-04-29,10300,8467
2013-04-30,11500,9646
2013-05-01,12500,10383
2013-05-02,13000,10961
2013-05-03,13200,10951
2013-05-04,13100,10068
2013-05-05,12300,9291
2013-05-06,12100,9890
2013-05-07,12500,10536
2013-05-08,12800,10591
2013-05-09,12900,10707
2013-05-10,12800,10674
2013-05-11,12800,9991
2013-05-12,12200,8923
2013-05-13,12400,10102
2013-05-14,13200,10810
2013-05-15,12700,10586
2013-05-16,13400,10806
2013-05-17,12900,10579
2013-05-18,12900,9936
2013-05-19,12300,9077
2013-05-20,12000,9777
2013-05-21,13000,10814
2013-05-22,13200,10794
2013-05-23,13200,10921
2013-05-24,12900,10614
2013-05-25,11900,8606
2013-05-26,8280,8105
2013-05-27,8210,8085
2013-05-28,8140,7992
2013-05-29,8250,8120
2013-05-30,8180,8058
2013-05-31,8110,8073
2013-06-01,15300,10023
2013-06-02,16300,12928
2013-06-03,17000,13828
2013-06-04,17500,13929
2013-06-05,17300,13862
2013-06-06,17400,13928
2013-06-07,17300,13976
2013-06-08,17200,13195
2013-06-09,16200,12755
2013-06-10,16700,13764
2013-06-11,17000,13801
2013-06-12,17200,13906
2013-06-13,16900,13784
2013-06-14,17100,13867
2013-06-15,16700,13235
2013-06-16,16100,12729
2013-06-17,17000,13769
2013-06-18,17200,13784
2013-06-19,17200,13864
2013-06-20,17500,13989
2013-06-21,17200,14023
2013-06-22,17000,13358
2013-06-23,16200,12590
2013-06-24,16500,13655
2013-06-25,17000,13922
2013-06-26,17400,14089
2013-06-27,17200,13902
2013-06-28,17100,13836
2013-06-29,16800,13358
2013-06-30,16500,12832
2013-07-01,17400,13865
2013-07-02,18100,14410
2013-07-03,18400,14422
2013-07-04,18300,13327
2013-07-05,17400,13946
2013-07-06,17800,13566
2013-07-07,17600,13112
2013-07-08,17300,13981
2013-07-09,18100,14378
2013-07-10,18100,14388
2013-07-11,18000,14358
2013-07-12,18500,14492
2013-07-13,17900,13646
2013-07-14,17500,13100
2013-07-15,17500,14079
2013-07-16,18300,14572
2013-07-17,18300,14375
2013-07-18,18400,14636
2013-07-19,17700,14178
2013-07-20,17800,13649
2013-07-21,17900,13228
2013-07-22,17400,14056
2013-07-23,18200,14246
2013-07-24,18200,14249
2013-07-25,18000,14215
2013-07-26,18300,14253
2013-07-27,18000,13791
2013-07-28,17900,13350
2013-07-29,17100,13958
2013-07-30,17800,14278
2013-07-31,17900,14385
2013-08-01,17700,13987
2013-08-02,17000,13732
2013-08-03,18900,12787
2013-08-04,16200,12189
2013-08-05,16400,12899
2013-08-06,17100,13496
2013-08-07,17400,13796
2013-08-08,17000,13691
2013-08-09,17200,13852
2013-08-10,17000,12853
2013-08-11,15900,12049
2013-08-12,16700,13172
2013-08-13,17100,13757
2013-08-14,17200,13648
2013-08-15,17400,13765
2013-08-16,17700,13846
2013-08-17,16800,12667
2013-08-18,15900,12053
2013-08-19,16600,13147
2013-08-20,17000,13651
2013-08-21,16900,13637
2013-08-22,16900,13926
2013-08-23,17200,13842
2013-08-24,16700,12676
2013-08-25,16000,12108
2013-08-26,17300,13267
2013-08-27,17900,13751
2013-08-28,17100,13644
2013-08-29,17300,13536
2013-08-30,17000,13836
2013-08-31,16500,12533
2013-09-01,15600,10666
2013-09-02,10700,8715
2013-09-03,12700,9623
2013-09-04,12800,10553
2013-09-05,12900,10654
2013-09-06,13000,10600
2013-09-07,12700,9794
2013-09-08,11400,9148
2013-09-09,12600,9829
2013-09-10,12900,10605
2013-09-11,13100,10677
2013-09-12,13700,10810
2013-09-13,13000,10565
2013-09-14,12900,9876
2013-09-15,11400,9083
2013-09-16,12300,9856
2013-09-17,13000,10564
2013-09-18,13200,10569
2013-09-19,13300,10794
2013-09-20,13200,10852
2013-09-21,13100,9958
2013-09-22,11200,9094
2013-09-23,12700,9996
2013-09-24,13200,10740
2013-09-25,12900,10786
2013-09-26,13200,11053
2013-09-27,13600,11032
2013-09-28,13300,10382
2013-09-29,11700,9444
2013-09-30,12800,10342
2013-10-01,13300,9056
2013-10-02,10100,8084
2013-10-03,10100,7874
2013-10-04,10400,8202
2013-10-05,10600,8245
2013-10-06,8750,7639
2013-10-07,9280,7581
2013-10-08,10200,8217
2013-10-09,9740,8122
2013-10-10,9900,8248
2013-10-11,9860,8120
2013-10-12,10000,7877
2013-10-13,8970,7327
2013-10-14,8640,7452
2013-10-15,9820,8060
2013-10-16,10300,8172
2013-10-17,10300,8144
2013-10-18,10100,7964
2013-10-19,10100,7927
2013-10-20,8900,7358
2013-10-21,8530,7384
2013-10-22,10200,8067
2013-10-23,10100,8013
2013-10-24,9980,7928
2013-10-25,10100,7941
2013-10-26,9580,7830
2013-10-27,8750,7206
2013-10-28,8500,7306
2013-10-29,9940,7893
2013-10-30,9740,7857
2013-10-31,9510,7764
2013-11-01,9430,7653
2013-11-02,8140,7228
2013-11-03,8140,7005
2013-11-04,8180,7260
2013-11-05,8250,7128
2013-11-06,8180,7123
2013-11-07,8180,7204
2013-11-08,8210,7185
2013-11-09,8140,7166
2013-11-10,8210,7248
2013-11-11,21100,8421
2013-11-12,37400,34649
2013-11-13,37500,36991
2013-11-14,37500,36973
2013-11-15,37700,37007
2013-11-16,37200,24926
2013-11-17,9430,7239
2013-11-18,8110,7117
2013-11-19,8140,7085
2013-11-20,8210,7109
2013-11-21,8140,7142
2013-11-22,8070,7113
2013-11-23,8070,7175
2013-11-24,8040,7081
2013-11-25,8040,7117
2013-11-26,8040,7075
2013-11-27,8070,7073
2013-11-28,8040,7055
2013-11-29,8040,7075
2013-11-30,8040,7072
2013-12-01,9700,7914
2013-12-02,12100,9917
2013-12-03,12200,10115
2013-12-04,12200,10314
2013-12-05,12300,10074
2013-12-06,12000,10119
2013-12-07,11500,9342
2013-12-08,11200,8670
2013-12-09,11800,9627
2013-12-10,11800,9942
2013-12-11,11900,10201
2013-12-12,11900,9975
2013-12-13,11900,10059
2013-12-14,11900,9378
2013-12-15,11200,8865
2013-12-16,11600,9470
2013-12-17,11800,10027
2013-12-18,11900,10033
2013-12-19,11900,10099
2013-12-20,11800,10156
2013-12-21,11700,9311
2013-12-22,11100,8757
2013-12-23,11800,9908
2013-12-24,11700,10091
2013-12-25,11500,8916
2013-12-26,11500,9859
2013-12-27,11900,10190
2013-12-28,11400,9209
2013-12-29,10800,8697
2013-12-30,11500,9909
2013-12-31,11600,10060
2014-01-01,12500,10523
2014-01-02,15800,12977
2014-01-03,16100,13314
2014-01-04,16600,12961
2014-01-05,16100,12360
2014-01-06,16000,13084
2014-01-07,16600,13729
2014-01-08,15900,13413
2014-01-09,16000,13493
2014-01-10,15900,13452
2014-01-11,15900,12826
2014-01-12,15800,12116
2014-01-13,16200,13401
2014-01-14,16200,13523
2014-01-15,15800,13367
2014-01-16,15800,13443
2014-01-17,15800,13430
2014-01-18,15800,12882
2014-01-19,15600,11810
2014-01-20,15600,13233
2014-01-21,15800,13484
2014-01-22,15900,13512
2014-01-23,15900,13327
2014-01-24,16000,13526
2014-01-25,15900,12974
2014-01-26,15600,12083
2014-01-27,15900,13084
2014-01-28,16100,13665
2014-01-29,16500,14127
2014-01-30,16600,14121
2014-01-31,16400,14162
2014-02-01,15900,11878
2014-02-02,13000,9927
2014-02-03,12700,10592
2014-02-04,13200,11256
2014-02-05,13300,11161
2014-02-06,13300,11039
2014-02-07,13200,11159
2014-02-08,13100,10624
2014-02-09,12900,9918
2014-02-10,13300,10950
2014-02-11,13300,11208
2014-02-12,13300,11192
2014-02-13,13300,11171
2014-02-14,13300,11221
2014-02-15,13200,10592
2014-02-16,12900,9884
2014-02-17,13200,10787
2014-02-18,13700,11298
2014-02-19,13500,11155
2014-02-20,13600,11253
2014-02-21,13400,11055
2014-02-22,13100,10523
2014-02-23,12800,9873
2014-02-24,13000,10937
2014-02-25,12900,11231
2014-02-26,12900,11107
2014-02-27,12900,11212
2014-02-28,12800,11157
2014-03-01,12700,9293
2014-03-02,9740,7802
2014-03-03,9540,8255
2014-03-04,9900,8245
2014-03-05,10100,8379
2014-03-06,9860,8367
2014-03-07,9580,8316
2014-03-08,9740,8057
2014-03-09,9740,7777
2014-03-10,9700,8354
2014-03-11,9820,8370
2014-03-12,9780,8443
2014-03-13,9860,8490
2014-03-14,9660,8357
2014-03-15,9740,8156
2014-03-16,10100,8080
2014-03-17,9660,8254
2014-03-18,9980,8434
2014-03-19,10500,8542
2014-03-20,10100,8490
2014-03-21,10100,8488
2014-03-22,9620,8088
2014-03-23,9900,8012
2014-03-24,9820,8377
2014-03-25,10100,8549
2014-03-26,9860,8608
2014-03-27,9470,8343
2014-03-28,9820,8170
2014-03-29,9940,8096
2014-03-30,9980,8090
2014-03-31,10100,8391
2014-04-01,10100,8388
2014-04-02,10400,8795
2014-04-03,10400,8830
2014-04-04,10600,8829
2014-04-05,10300,8305
2014-04-06,9200,7826
2014-04-07,9780,8090
2014-04-08,11100,9476
2014-04-09,12000,9339
2014-04-10,10700,8878
2014-04-11,10600,8820
2014-04-12,10800,8501
2014-04-13,9310,7829
2014-04-14,10100,8325
2014-04-15,10600,8824
2014-04-16,10700,8811
2014-04-17,10600,8830
2014-04-18,10500,8870
2014-04-19,10700,8416
2014-04-20,9820,7908
2014-04-21,10300,8305
2014-04-22,10800,9042
2014-04-23,10700,8904
2014-04-24,10700,8746
2014-04-25,10800,8819
2014-04-26,10400,8159
2014-04-27,9200,7817
2014-04-28,10600,8117
2014-04-29,11000,8863
2014-04-30,11000,8935
2014-05-01,10900,8441
2014-05-02,10700,8586
2014-05-03,10700,8141
2014-05-04,10100,7869
2014-05-05,9980,7884
2014-05-06,10600,8620
2014-05-07,10700,8630
2014-05-08,10600,8494
2014-05-09,10900,8638
2014-05-10,10900,8244
2014-05-11,10100,7836
2014-05-12,9860,7802
2014-05-13,10700,8538
2014-05-14,10600,8475
2014-05-15,10700,8544
2014-05-16,10700,8633
2014-05-17,10900,8197
2014-05-18,10100,7680
2014-05-19,9090,7427
2014-05-20,10200,8126
2014-05-21,10100,8118
2014-05-22,10300,8154
2014-05-23,10100,8096
2014-05-24,10100,7862
2014-05-25,9120,7424
2014-05-26,8360,7189
2014-05-27,9510,7482
2014-05-28,10200,8133
2014-05-29,10100,8065
2014-05-30,10300,8328
2014-05-31,10300,7951
2014-06-01,9390,8100
2014-06-02,13100,9818
2014-06-03,13200,10835
2014-06-04,13300,10823
2014-06-05,13200,10808
2014-06-06,13000,10641
2014-06-07,12900,9773
2014-06-08,11500,8940
2014-06-09,12900,9598
2014-06-10,13200,10736
2014-06-11,13300,10882
2014-06-12,13200,10809
2014-06-13,13500,10816
2014-06-14,13600,10136
2014-06-15,11800,9069
2014-06-16,13000,9764
2014-06-17,13400,10776
2014-06-18,13200,10797
2014-06-19,13200,10807
2014-06-20,13300,10833
2014-06-21,13200,9899
2014-06-22,12000,9223
2014-06-23,13000,9707
2014-06-24,13300,10770
2014-06-25,13400,10841
2014-06-26,13200,10677
2014-06-27,13200,10808
2014-06-28,13200,10033
2014-06-29,11800,9163
2014-06-30,13000,9740
2014-07-01,15200,12025
2014-07-02,17400,13711
2014-07-03,17500,13644
2014-07-04,17400,12922
2014-07-05,16000,12376
2014-07-06,16300,12617
2014-07-07,15900,12935
2014-07-08,17500,13728
2014-07-09,17200,13596
2014-07-10,17300,13693
2014-07-11,17500,13599
2014-07-12,17400,13123
2014-07-13,16200,12412
2014-07-14,16100,12865
2014-07-15,17200,13784
2014-07-16,17600,13551
2014-07-17,17500,13608
2014-07-18,17100,13648
2014-07-19,17400,13016
2014-07-20,16600,12492
2014-07-21,16300,12830
2014-07-22,17700,13785
2014-07-23,17600,13853
2014-07-24,17600,13696
2014-07-25,17400,13646
2014-07-26,17100,12978
2014-07-27,16400,12377
2014-07-28,15800,12902
2014-07-29,17100,13484
2014-07-30,17100,13406
2014-07-31,17200,13408
2014-08-01,17000,13589
2014-08-02,17100,12996
2014-08-03,15700,12298
2014-08-04,16600,12980
2014-08-05,17000,13867
2014-08-06,17100,13923
2014-08-07,16900,13741
2014-08-08,16900,13702
2014-08-09,17000,13138
2014-08-10,14900,12226
2014-08-11,16500,12926
2014-08-12,16900,13727
2014-08-13,17000,13809
2014-08-14,16800,13746
2014-08-15,16900,13729
2014-08-16,17000,13186
2014-08-17,15100,12206
2014-08-18,16500,12922
2014-08-19,17100,13725
2014-08-20,17000,13937
2014-08-21,17200,13779
2014-08-22,16700,13786
2014-08-23,16900,13272
2014-08-24,15400,12183
2014-08-25,16500,13134
2014-08-26,16900,13927
2014-08-27,16800,13851
2014-08-28,16900,13776
2014-08-29,16800,13637
2014-08-30,16700,13123
2014-08-31,15200,12129
2014-09-01,14700,10683
2014-09-02,11800,10415
2014-09-03,12300,10733
2014-09-04,11900,10669
2014-09-05,11900,10729
2014-09-06,11800,9911
2014-09-07,12100,9583
2014-09-08,12600,10194
2014-09-09,12800,10691
2014-09-10,12700,10524
2014-09-11,12900,10648
2014-09-12,12700,10552
2014-09-13,12700,10002
2014-09-14,11800,9437
2014-09-15,12600,10230
2014-09-16,12800,10604
2014-09-17,12800,10696
2014-09-18,12900,10577
2014-09-19,12800,10619
2014-09-20,12800,10069
2014-09-21,12400,9520
2014-09-22,12700,10327
2014-09-23,12900,10914
2014-09-24,12900,10952
2014-09-25,12900,10830
2014-09-26,12800,10917
2014-09-27,12700,10163
2014-09-28,12700,9980
2014-09-29,12500,10484
2014-09-30,12700,10923
2014-10-01,12800,10442
2014-10-02,12900,10327
2014-10-03,12900,10251
2014-10-04,12800,9651
2014-10-05,12500,9228
2014-10-06,11400,9390
2014-10-07,13000,10416
2014-10-08,13000,10358
2014-10-09,13000,10430
2014-10-10,12900,10339
2014-10-11,12500,9642
2014-10-12,11900,9194
2014-10-13,11500,9214
2014-10-14,13000,10333
2014-10-15,13100,10254
2014-10-16,13100,10339
2014-10-17,13000,10358
2014-10-18,13000,9805
2014-10-19,12600,9263
2014-10-20,11600,9438
2014-10-21,13000,10223
2014-10-22,12800,10153
2014-10-23,12600,10235
2014-10-24,12700,10172
2014-10-25,12800,9657
2014-10-26,12400,9145
2014-10-27,12500,9322
2014-10-28,13100,10236
2014-10-29,12800,10333
2014-10-30,12600,10461
2014-10-31,12700,10426
2014-11-01,12600,9660
2014-11-02,9160,8509
2014-11-03,9160,8558
2014-11-04,9350,8664
2014-11-05,9280,8552
2014-11-06,9310,8597
2014-11-07,9430,8566
2014-11-08,9430,8559
2014-11-09,9240,8600
2014-11-10,24500,10407
2014-11-11,38400,36029
2014-11-12,38300,37995
2014-11-13,38400,37906
2014-11-14,38200,37874
2014-11-15,38100,27796
2014-11-16,11300,8709
2014-11-17,9120,8367
2014-11-18,9240,8397
2014-11-19,9120,8371
2014-11-20,9240,8505
2014-11-21,9160,8505
2014-11-22,9240,8572
2014-11-23,9310,8525
2014-11-24,9280,8552
2014-11-25,9120,8506
2014-11-26,9310,8501
2014-11-27,9280,8555
2014-11-28,9310,8568
2014-11-29,9390,8579
2014-11-30,9120,8516
2014-12-01,16500,11644
2014-12-02,17600,14788
2014-12-03,17700,14581
2014-12-04,17700,14710
2014-12-05,17800,14696
2014-12-06,17700,14263
2014-12-07,17500,13356
2014-12-08,17400,14167
2014-12-09,17900,14775
2014-12-10,17600,14682
2014-12-11,17800,14768
2014-12-12,17800,14839
2014-12-13,17600,14311
2014-12-14,17600,13534
2014-12-15,16900,14074
2014-12-16,17600,14691
2014-12-17,17600,14595
2014-12-18,17700,14786
2014-12-19,17600,14636
2014-12-20,17900,14416
2014-12-21,17400,13429
2014-12-22,16600,13924
2014-12-23,17700,14686
2014-12-24,17600,14638
2014-12-25,17600,13578
2014-12-26,16600,13924
2014-12-27,17700,14392
2014-12-28,17200,13376
2014-12-29,16500,14023
2014-12-30,17600,14668
2014-12-31,17600,14687
2015-01-01,17500,13253
2015-01-02,17500,14380
2015-01-03,17100,14147
2015-01-04,16900,12975
2015-01-05,17100,14442
2015-01-06,17600,14816
2015-01-07,17500,14827
2015-01-08,17500,14726
2015-01-09,17500,14816
2015-01-10,17200,14218
2015-01-11,16900,12881
2015-01-12,17200,14416
2015-01-13,17700,14850
2015-01-14,17400,14805
2015-01-15,17400,14661
2015-01-16,17600,14808
2015-01-17,17400,14093
2015-01-18,16800,12880
2015-01-19,17200,14393
2015-01-20,17500,14841
2015-01-21,17500,14775
2015-01-22,17500,14809
2015-01-23,17600,14776
2015-01-24,17500,14181
2015-01-25,16900,12896
2015-01-26,16800,14348
2015-01-27,16900,14502
2015-01-28,16900,14562
2015-01-29,16900,14506
2015-01-30,16900,14618
2015-01-31,17000,14059
2015-02-01,16800,11280
2015-02-02,12800,10378
2015-02-03,12900,11005
2015-02-04,13000,11074
2015-02-05,12600,11001
2015-02-06,12600,10823
2015-02-07,12500,10269
2015-02-08,12100,9435
2015-02-09,12600,10346
2015-02-10,12700,11040
2015-02-11,12700,11029
2015-02-12,12700,11020
2015-02-13,12800,11018
2015-02-14,12700,10445
2015-02-15,12500,9674
2015-02-16,12900,10400
2015-02-17,12800,11064
2015-02-18,12800,11076
2015-02-19,12700,11030
2015-02-20,12600,11014
2015-02-21,12700,10459
2015-02-22,12100,9479
2015-02-23,12600,10438
2015-02-24,12700,11007
2015-02-25,12900,11052
2015-02-26,12800,11447
2015-02-27,12800,11557
2015-02-28,12700,11401
2015-03-01,12600,9910
2015-03-02,12800,10447
2015-03-03,13200,11088
2015-03-04,13000,10945
2015-03-05,12900,10976
2015-03-06,13000,11005
2015-03-07,12900,10489
2015-03-08,12900,9821
2015-03-09,12600,10649
2015-03-10,12900,10982
2015-03-11,12900,11049
2015-03-12,12900,10972
2015-03-13,12800,10981
2015-03-14,12700,10656
2015-03-15,12500,9679
2015-03-16,12500,10626
2015-03-17,12700,10772
2015-03-18,9900,9398
2015-03-19,12900,10822
2015-03-20,12800,10885
2015-03-21,12900,10486
2015-03-22,12800,9699
2015-03-23,12300,10435
2015-03-24,13000,10981
2015-03-25,13000,11114
2015-03-26,13000,11164
2015-03-27,13100,11218
2015-03-28,13100,11179
2015-03-29,12900,10229
2015-03-30,12700,10986
2015-03-31,12700,11258
2015-04-01,12900,10306
2015-04-02,13000,10505
2015-04-03,13300,10649
2015-04-04,13000,10199
2015-04-05,12100,9551
2015-04-06,11700,9774
2015-04-07,12800,10446
2015-04-08,12900,10617
2015-04-09,12700,10345
2015-04-10,13000,10456
2015-04-11,12700,10112
2015-04-12,11700,9602
2015-04-13,12000,9818
2015-04-14,12700,10434
2015-04-15,13000,10532
2015-04-16,12800,10532
2015-04-17,12900,10460
2015-04-18,12900,10138
2015-04-19,12000,9487
2015-04-20,11900,9838
2015-04-21,13000,10522
2015-04-22,12800,10579
2015-04-23,12600,10556
2015-04-24,12700,10537
2015-04-25,12600,10160
2015-04-26,11900,9542
2015-04-27,12100,9838
2015-04-28,12800,10763
2015-04-29,12700,10659
2015-04-30,12700,10602
2015-05-01,14400,11404
2015-05-02,14400,11608
2015-05-03,13900,10762
2015-05-04,13800,11214
2015-05-05,14600,12227
2015-05-06,14500,12195
2015-05-07,14600,11992
2015-05-08,14600,11979
2015-05-09,14500,11700
2015-05-10,13600,10619
2015-05-11,14300,11089
2015-05-12,14600,12230
2015-05-13,14700,11604
2015-05-14,14300,11911
2015-05-15,14500,12027
2015-05-16,14500,11581
2015-05-17,13900,10573
2015-05-18,14200,11214
2015-05-19,14500,12024
2015-05-20,14600,12022
2015-05-21,14500,12013
2015-05-22,14400,11957
2015-05-23,14400,11476
2015-05-24,14300,10813
2015-05-25,13000,10142
2015-05-26,14600,11577
2015-05-27,14500,11566
2015-05-28,14000,11809
2015-05-29,14200,11881
2015-05-30,14100,11390
2015-05-31,13600,10466
2015-06-01,16200,11915
2015-06-02,17200,13916
2015-06-03,17200,13705
2015-06-04,16700,13473
2015-06-05,16400,13198
2015-06-06,16200,12671
2015-06-07,15900,12179
2015-06-08,15300,12675
2015-06-09,16700,13181
2015-06-10,16200,13233
2015-06-11,16900,13425
2015-06-12,17000,13325
2015-06-13,17200,12901
2015-06-14,16100,12178
2015-06-15,15800,12745
2015-06-16,17100,13568
2015-06-17,17900,13833
2015-06-18,18100,14180
2015-06-19,18100,14382
2015-06-20,17400,13477
2015-06-21,16200,12780
2015-06-22,16600,13150
2015-06-23,17900,14028
2015-06-24,17600,14075
2015-06-25,17500,14047
2015-06-26,17400,14262
2015-06-27,17800,13938
2015-06-28,17100,13258
2015-06-29,17200,13777
2015-06-30,18000,14625
2015-07-01,19900,17323
2015-07-02,20100,17695
2015-07-03,20200,17879
2015-07-04,20000,16510
2015-07-05,19700,15998
2015-07-06,20000,17295
2015-07-07,20100,17745
2015-07-08,20100,17812
2015-07-09,20100,17830
2015-07-10,20100,17818
2015-07-11,20100,17439
2015-07-12,20000,16533
2015-07-13,20000,17369
2015-07-14,20000,17757
2015-07-15,20000,17725
2015-07-16,20200,17854
2015-07-17,20200,17944
2015-07-18,20500,17357
2015-07-19,20100,16560
2015-07-20,20000,17357
2015-07-21,20100,17714
2015-07-22,20100,17893
2015-07-23,20300,17940
2015-07-24,20300,18108
2015-07-25,20300,17485
2015-07-26,20200,16307
2015-07-27,19800,17146
2015-07-28,20100,17823
2015-07-29,20000,17940
2015-07-30,20100,17831
2015-07-31,20100,17981
2015-08-01,20100,14575
2015-08-02,15800,12070
2015-08-03,16500,13074
2015-08-04,17000,13729
2015-08-05,17200,13809
2015-08-06,17000,13757
2015-08-07,17000,13760
2015-08-08,16900,12991
2015-08-09,16100,12072
2015-08-10,16300,13203
2015-08-11,16600,13679
2015-08-12,16700,13695
2015-08-13,16700,13651
2015-08-14,16700,13709
2015-08-15,16700,13005
2015-08-16,15800,11885
2015-08-17,16500,13145
2015-08-18,17000,13650
2015-08-19,17000,13614
2015-08-20,17000,13782
2015-08-21,16900,13615
2015-08-22,17200,12967
2015-08-23,16300,12002
2015-08-24,16500,13093
2015-08-25,17000,13640
2015-08-26,17100,13683
2015-08-27,16900,13697
2015-08-28,17100,13700
2015-08-29,17000,12969
2015-08-30,15800,11949
2015-08-31,16600,13109
2015-09-01,16700,12874
2015-09-02,15200,12486
2015-09-03,15200,12507
2015-09-04,15200,12451
2015-09-05,15200,12145
2015-09-06,14400,11208
2015-09-07,14200,11158
2015-09-08,14200,11994
2015-09-09,15200,12389
2015-09-10,15200,12728
2015-09-11,14800,12466
2015-09-12,14500,11876
2015-09-13,14200,11114
2015-09-14,14000,11966
2015-09-15,14800,12552
2015-09-16,14900,12531
2015-09-17,14900,12598
2015-09-18,14500,12443
2015-09-19,14600,11927
2015-09-20,14200,11241
2015-09-21,14200,11946
2015-09-22,14600,12454
2015-09-23,15100,12572
2015-09-24,14700,12460
2015-09-25,14900,12479
2015-09-26,14900,12106
2015-09-27,14600,11415
2015-09-28,14900,12108
2015-09-29,15300,12858
2015-09-30,15400,12936
2015-10-01,15300,11354
2015-10-02,13100,10164
2015-10-03,13200,10034
2015-10-04,11800,9108
2015-10-05,11700,9494
2015-10-06,13000,10193
2015-10-07,13100,10323
2015-10-08,13000,10254
2015-10-09,13200,10284
2015-10-10,12800,9706
2015-10-11,11700,9128
2015-10-12,11600,9407
2015-10-13,13000,10222
2015-10-14,13000,10309
2015-10-15,13200,10327
2015-10-16,13500,10374
2015-10-17,13100,9973
2015-10-18,12000,9292
2015-10-19,12000,9426
2015-10-20,13200,10275
2015-10-21,13200,10337
2015-10-22,13000,10154
2015-10-23,13100,10194
2015-10-24,12900,9657
2015-10-25,11900,9135
2015-10-26,11200,9370
2015-10-27,12600,9953
2015-10-28,12600,9990
2015-10-29,12800,10021
2015-10-30,12800,10071
2015-10-31,12600,9479
2015-11-01,11700,9388
2015-11-02,13100,10345
2015-11-03,13300,10878
2015-11-04,13200,9977
2015-11-05,9090,8930
2015-11-06,8940,8742
2015-11-07,11200,8949
2015-11-08,12200,9257
2015-11-09,11900,9786
2015-11-10,12700,10450
2015-11-11,12500,9666
2015-11-12,12400,9892
2015-11-13,12800,10362
2015-11-14,12500,9475
2015-11-15,8610,8570
2015-11-16,9660,8395
2015-11-17,12200,9715
2015-11-18,12500,10370
2015-11-19,12500,10438
2015-11-20,12600,10439
2015-11-21,12500,9800
2015-11-22,12200,9434
2015-11-23,12300,9938
2015-11-24,12400,10600
2015-11-25,12400,10620
2015-11-26,12800,9678
2015-11-27,12100,10025
2015-11-28,12500,9873
2015-11-29,11900,9267
2015-11-30,12400,10062
2015-12-01,16000,12802
2015-12-02,17400,14371
2015-12-03,17500,14462
2015-12-04,17400,14193
2015-12-05,17400,13712
2015-12-06,16900,13227
2015-12-07,16100,13891
2015-12-08,17300,14476
2015-12-09,17200,14212
2015-12-10,17600,14456
2015-12-11,17400,14288
2015-12-12,17700,14054
2015-12-13,17200,13295
2015-12-14,16300,13725
2015-12-15,17700,14504
2015-12-16,17800,14426
2015-12-17,17400,14334
2015-12-18,17600,14412
2015-12-19,17700,14038
2015-12-20,17100,13195
2015-12-21,16200,13696
2015-12-22,17600,14342
2015-12-23,17900,14493
2015-12-24,18000,14421
2015-12-25,17700,13508
2015-12-26,16300,13301
2015-12-27,17100,13160
2015-12-28,16300,13710
2015-12-29,17900,14392
2015-12-30,17800,14407
2015-12-31,17900,14510
2016-01-01,17700,13555
2016-01-02,16000,13229
2016-01-03,16600,13005
2016-01-04,16700,14071
2016-01-05,17200,14408
2016-01-06,17200,14462
2016-01-07,17300,14676
2016-01-08,17400,14788
2016-01-09,17200,13834
2016-01-10,16700,12416
2016-01-11,17400,13844
2016-01-12,17500,14774
2016-01-13,17400,14674
2016-01-14,17400,14699
2016-01-15,17300,14719
2016-01-16,17400,13821
2016-01-17,16700,12535
2016-01-18,17000,13889
2016-01-19,17300,14584
2016-01-20,17500,14702
2016-01-21,17600,14838
2016-01-22,17500,14852
2016-01-23,17000,13747
2016-01-24,16700,12499
2016-01-25,17200,13833
2016-01-26,17400,14763
2016-01-27,17500,14609
2016-01-28,17500,14844
2016-01-29,17600,15096
2016-01-30,17800,14161
2016-01-31,17200,12996
2016-02-01,15200,12212
2016-02-02,14200,12015
2016-02-03,14200,12038
2016-02-04,14300,12084
2016-02-05,13900,11851
2016-02-06,14200,11311
2016-02-07,12900,10094
2016-02-08,13700,10969
2016-02-09,14200,12044
2016-02-10,14400,12160
2016-02-11,15000,12588
2016-02-12,15400,12904
2016-02-13,15400,12341
2016-02-14,13900,10955
2016-02-15,14600,12181
2016-02-16,14900,12812
2016-02-17,14900,13111
2016-02-18,15600,13266
2016-02-19,15700,13484
2016-02-20,15400,12418
2016-02-21,13500,10979
2016-02-22,15300,12484
2016-02-23,15300,13180
2016-02-24,15500,13207
2016-02-25,15400,13165
2016-02-26,15500,13161
2016-02-27,15500,12543
2016-02-28,14100,11104
2016-02-29,15000,12236
2016-03-01,15700,12458
2016-03-02,14000,12065
2016-03-03,14100,11861
2016-03-04,13800,11663
2016-03-05,14100,11141
2016-03-06,13100,9862
2016-03-07,13200,10797
2016-03-08,14000,11838
2016-03-09,14200,12008
2016-03-10,14100,12021
2016-03-11,14200,11990
2016-03-12,14200,11295
2016-03-13,13300,10067
2016-03-14,13300,11034
2016-03-15,14000,11968
2016-03-16,14100,11989
2016-03-17,14300,12122
2016-03-18,14200,12058
2016-03-19,14200,11235
2016-03-20,13300,10026
2016-03-21,13300,11057
2016-03-22,14300,11913
2016-03-23,14300,11884
2016-03-24,14200,12020
2016-03-25,14100,11915
2016-03-26,14200,11307
2016-03-27,13600,10054
2016-03-28,13400,11026
2016-03-29,14200,11971
2016-03-30,14200,12067
2016-03-31,14200,12070
2016-04-01,14200,11671
2016-04-02,14000,11263
2016-04-03,13200,10441
2016-04-04,13000,11086
2016-04-05,14100,11952
2016-04-06,14100,11922
2016-04-07,14200,11800
2016-04-08,14500,11959
2016-04-09,14000,11281
2016-04-10,13100,10379
2016-04-11,13300,11235
2016-04-12,13900,11751
2016-04-13,13900,11788
2016-04-14,13800,11616
2016-04-15,14200,11867
2016-04-16,14200,11422
2016-04-17,13100,10389
2016-04-18,13300,11221
2016-04-19,13900,11814
2016-04-20,14000,11769
2016-04-21,13900,11720
2016-04-22,14200,11761
2016-04-23,14000,11280
2016-04-24,13300,10522
2016-04-25,13300,11199
2016-04-26,13900,11839
2016-04-27,13900,11820
2016-04-28,14000,11933
2016-04-29,14000,11811
2016-04-30,13900,11283
2016-05-01,13300,10399
2016-05-02,14000,11308
2016-05-03,14300,11982
2016-05-04,14700,12153
2016-05-05,14500,12207
2016-05-06,14300,12166
2016-05-07,14200,11448
2016-05-08,13900,10731
2016-05-09,13800,11323
2016-05-10,14300,12085
2016-05-11,14500,12061
2016-05-12,14400,12022
2016-05-13,14200,11884
2016-05-14,14300,11466
2016-05-15,14100,10768
2016-05-16,13500,11072
2016-05-17,14300,12021
2016-05-18,14300,12031
2016-05-19,14200,12033
2016-05-20,14200,12075
2016-05-21,14200,11448
2016-05-22,13700,10668
2016-05-23,13700,11042
2016-05-24,14100,12043
2016-05-25,14100,12041
2016-05-26,14200,11938
2016-05-27,14200,11956
2016-05-28,14200,11321
2016-05-29,13500,10500
2016-05-30,12400,10068
2016-05-31,13900,11136
2016-06-01,17000,12972
2016-06-02,17200,13954
2016-06-03,17400,13933
2016-06-04,17500,13259
2016-06-05,17000,12741
2016-06-06,17100,13405
2016-06-07,17200,13829
2016-06-08,17100,13893
2016-06-09,17100,13818
2016-06-10,17200,13938
2016-06-11,17200,13116
2016-06-12,16500,12648
2016-06-13,16300,13202
2016-06-14,16900,13801
2016-06-15,17200,13911
2016-06-16,17400,13877
2016-06-17,17700,14090
2016-06-18,17100,13339
2016-06-19,16400,12525
2016-06-20,16800,13409
2016-06-21,17000,13914
2016-06-22,17200,13840
2016-06-23,17200,13873
2016-06-24,17000,13932
2016-06-25,17200,13256
2016-06-26,16500,12582
2016-06-27,16700,13480
2016-06-28,17100,13905
2016-06-29,17000,13850
2016-06-30,17000,13809
2016-07-01,19700,14909
2016-07-02,19900,15450
2016-07-03,19400,14425
2016-07-04,17500,13784
2016-07-05,19600,15250
2016-07-06,19800,16369
2016-07-07,20400,16530
2016-07-08,20100,16331
2016-07-09,19700,15478
2016-07-10,19500,14493
2016-07-11,19700,15404
2016-07-12,20200,16436
2016-07-13,20300,16454
2016-07-14,20000,16272
2016-07-15,19500,16227
2016-07-16,20000,15474
2016-07-17,19300,14345
2016-07-18,20000,15403
2016-07-19,20100,16465
2016-07-20,20000,16428
2016-07-21,19800,16347
2016-07-22,19900,16398
2016-07-23,19800,15558
2016-07-24,19900,14570
2016-07-25,19700,15408
2016-07-26,20100,16332
2016-07-27,19900,16384
2016-07-28,20000,16336
2016-07-29,20000,16464
2016-07-30,20000,15361
2016-07-31,19200,14394
2016-08-01,18200,14745
2016-08-02,18400,15143
2016-08-03,18300,15146
2016-08-04,18200,15232
2016-08-05,18300,15162
2016-08-06,18300,14731
2016-08-07,18100,13872
2016-08-08,17900,14810
2016-08-09,18100,15155
2016-08-10,18300,15168
2016-08-11,18300,15062
2016-08-12,18400,15145
2016-08-13,18400,14718
2016-08-14,18100,13848
2016-08-15,18300,14748
2016-08-16,18400,15176
2016-08-17,18700,15128
2016-08-18,17200,14784
2016-08-19,17200,14596
2016-08-20,16900,14416
2016-08-21,18100,13907
2016-08-22,18300,14789
2016-08-23,18400,15207
2016-08-24,18500,15306
2016-08-25,18700,15217
2016-08-26,18400,15231
2016-08-27,18300,14739
2016-08-28,17900,13769
2016-08-29,18300,14609
2016-08-30,18400,15634
2016-08-31,18400,15154
2016-09-01,18300,13550
2016-09-02,14500,12264
2016-09-03,14800,11798
2016-09-04,14200,10782
2016-09-05,14100,10751
2016-09-06,14100,11801
2016-09-07,14600,12318
2016-09-08,14600,12292
2016-09-09,14500,12335
2016-09-10,14800,11763
2016-09-11,14300,11084
2016-09-12,14200,11934
2016-09-13,14600,12309
2016-09-14,14600,12243
2016-09-15,14600,12519
2016-09-16,14600,12388
2016-09-17,14900,11833
2016-09-18,14300,11103
2016-09-19,14300,11884
2016-09-20,14500,12322
2016-09-21,14400,12348
2016-09-22,14500,12337
2016-09-23,15000,12470
2016-09-24,14500,11860
2016-09-25,14300,10961
2016-09-26,13900,11765
2016-09-27,14500,12458
2016-09-28,14600,12395
2016-09-29,14300,12245
2016-09-30,14500,12304
2016-10-01,14100,10341
2016-10-02,11900,9364
2016-10-03,11600,9439
2016-10-04,12500,10242
2016-10-05,12500,10224
2016-10-06,12900,10314
2016-10-07,12700,10285
2016-10-08,12200,9745
2016-10-09,11900,9264
2016-10-10,11900,9559
2016-10-11,12700,10112
2016-10-12,13000,10316
2016-10-13,12700,10390
2016-10-14,12900,10198
2016-10-15,12800,9846
2016-10-16,11800,9291
2016-10-17,10900,9489
2016-10-18,12800,10137
2016-10-19,12900,10254
2016-10-20,12700,10371
2016-10-21,13000,10320
2016-10-22,12900,9890
2016-10-23,12000,9340
2016-10-24,11600,9584
2016-10-25,12800,10203
2016-10-26,13000,10193
2016-10-27,12700,10160
2016-10-28,12400,10139
2016-10-29,13000,9798
2016-10-30,12000,9537
2016-10-31,12000,9471
2016-11-01,12700,9823
2016-11-02,9090,8550
2016-11-03,9280,8559
2016-11-04,9160,8467
2016-11-05,9090,8456
2016-11-06,9160,8502
2016-11-07,34900,13683
2016-11-08,36700,36333
2016-11-09,36800,36159
2016-11-10,36500,36023
2016-11-11,36500,35743
2016-11-12,32200,16983
2016-11-13,9090,8414
2016-11-14,9090,8461
2016-11-15,9350,8499
2016-11-16,9390,8624
2016-11-17,9200,8514
2016-11-18,9540,8569
2016-11-19,9470,8559
2016-11-20,9090,8467
2016-11-21,9200,8502
2016-11-22,9390,8567
2016-11-23,9430,8711
2016-11-24,9240,8605
2016-11-25,9780,8639
2016-11-26,9350,8647
2016-11-27,9120,8517
2016-11-28,9620,8632
2016-11-29,9510,8567
2016-11-30,8970,8450
2016-12-01,16200,11568
2016-12-02,17800,13651
2016-12-03,13400,12438
2016-12-04,13600,12815
2016-12-05,15400,14166
2016-12-06,15800,14704
2016-12-07,17100,14989
2016-12-08,18600,15690
2016-12-09,18300,15248
2016-12-10,18000,14788
2016-12-11,17500,13447
2016-12-12,16400,14133
2016-12-13,18000,14759
2016-12-14,17500,14540
2016-12-15,17900,14734
2016-12-16,17500,14618
2016-12-17,18400,14674
2016-12-18,17200,13408
2016-12-19,18300,14856
2016-12-20,18700,15316
2016-12-21,18900,15722
2016-12-22,19400,16243
2016-12-23,19200,16195
2016-12-24,20000,15670
2016-12-25,18800,14704
2016-12-26,18200,14559
2016-12-27,18700,15761
2016-12-28,19100,16389
2016-12-29,19400,16435
2016-12-30,19200,16272
2016-12-31,19100,15353
2017-01-01,18500,13946
2017-01-02,16600,12891
2017-01-03,17600,14717
2017-01-04,18300,15653
2017-01-05,18300,15467
2017-01-06,18300,15583
2017-01-07,17900,13985
2017-01-08,17400,13118
2017-01-09,17400,13986
2017-01-10,18300,15519
2017-01-11,17900,15622
2017-01-12,18300,15606
2017-01-13,18500,15648
2017-01-14,18500,14451
2017-01-15,16600,13230
2017-01-16,16200,14119
2017-01-17,16600,15345
2017-01-18,16600,15215
2017-01-19,17600,15147
2017-01-20,17500,15276
2017-01-21,18400,14541
2017-01-22,16900,13042
2017-01-23,17900,14459
2017-01-24,18400,15624
2017-01-25,18200,15471
2017-01-26,18600,15590
2017-01-27,17900,15471
2017-01-28,17400,13853
2017-01-29,15900,12766
2017-01-30,16300,14107
2017-01-31,16500,14903
2017-02-01,16500,14193
2017-02-02,15700,13408
2017-02-03,15500,13353
2017-02-04,15200,12577
2017-02-05,15300,12044
2017-02-06,15000,12569
2017-02-07,15600,13442
2017-02-08,15800,13513
2017-02-09,15400,13339
2017-02-10,15500,13285
2017-02-11,15400,12919
2017-02-12,15900,12502
2017-02-13,14900,12825
2017-02-14,15300,13599
2017-02-15,15700,13669
2017-02-16,15500,13581
2017-02-17,15300,13469
2017-02-18,15500,13099
2017-02-19,15200,12149
2017-02-20,15100,12832
2017-02-21,15800,13484
2017-02-22,15000,13300
2017-02-23,15800,13924
2017-02-24,15900,14141
2017-02-25,15700,14042
2017-02-26,15200,11980
2017-02-27,12700,9358
2017-02-28,12900,11590
2017-03-01,14800,11883
2017-03-02,14200,12082
2017-03-03,14100,12114
2017-03-04,13700,11589
2017-03-05,14100,11820
2017-03-06,14200,12316
2017-03-07,14200,12143
2017-03-08,14200,12096
2017-03-09,14200,11948
2017-03-10,14500,12160
2017-03-11,14500,11565
2017-03-12,13900,10309
2017-03-13,13200,11103
2017-03-14,13900,11935
2017-03-15,14300,12272
2017-03-16,14500,12076
2017-03-17,14300,12209
2017-03-18,14400,11750
2017-03-19,14100,10601
2017-03-20,14200,11544
2017-03-21,14600,12350
2017-03-22,13900,11920
2017-03-23,14100,11977
2017-03-24,14200,12098
2017-03-25,14200,11959
2017-03-26,14300,10838
2017-03-27,13900,11328
2017-03-28,14600,12742
2017-03-29,14600,12439
2017-03-30,14300,11943
2017-03-31,14400,12283
2017-04-01,14100,10736
2017-04-02,12100,9796
2017-04-03,12600,10259
2017-04-04,13900,10969
2017-04-05,13700,10720
2017-04-06,13700,10327
2017-04-07,13300,11173
2017-04-08,13900,10365
2017-04-09,12800,9884
2017-04-10,12900,10484
2017-04-11,13200,11231
2017-04-12,12600,10828
2017-04-13,13300,10917
2017-04-14,13700,11122
2017-04-15,13600,10193
2017-04-16,12600,9821
2017-04-17,11600,10114
2017-04-18,13600,11251
2017-04-19,13600,11165
2017-04-20,13600,11181
2017-04-21,13800,11217
2017-04-22,13500,10240
2017-04-23,12500,9766
2017-04-24,11700,10199
2017-04-25,13400,10881
2017-04-26,14000,11169
2017-04-27,13600,11098
2017-04-28,13700,11076
2017-04-29,13800,10348
2017-04-30,12500,9763
2017-05-01,12000,10017
2017-05-02,13200,11179
2017-05-03,13300,11115
2017-05-04,13700,11400
2017-05-05,13200,11268
2017-05-06,13300,10528
2017-05-07,12800,9700
2017-05-08,12000,10290
2017-05-09,13000,10954
2017-05-10,13100,10996
2017-05-11,13100,10897
2017-05-12,13000,10778
2017-05-13,12700,10081
2017-05-14,13000,9766
2017-05-15,12000,10363
2017-05-16,13200,11118
2017-05-17,12800,11046
2017-05-18,13100,11179
2017-05-19,13000,11228
2017-05-20,13000,10367
2017-05-21,13200,9876
2017-05-22,11800,10422
2017-05-23,12800,10974
2017-05-24,13000,11253
2017-05-25,13500,11303
2017-05-26,13500,11419
2017-05-27,13600,10512
2017-05-28,13100,9925
2017-05-29,11300,9417
2017-05-30,12000,10399
2017-05-31,12300,10890
2017-06-01,15300,12155
2017-06-02,15400,13210
2017-06-03,15700,12358
2017-06-04,15600,11820
2017-06-05,14600,12439
2017-06-06,15100,13224
2017-06-07,15600,13164
2017-06-08,15300,13118
2017-06-09,15600,13285
2017-06-10,15300,12440
2017-06-11,15200,11579
2017-06-12,15200,12797
2017-06-13,15400,13220
2017-06-14,15300,13271
2017-06-15,15700,13318
2017-06-16,15700,13172
2017-06-17,15700,12190
2017-06-18,15100,11536
2017-06-19,15200,12627
2017-06-20,16800,13565
2017-06-21,17200,13632
2017-06-22,15900,13183
2017-06-23,15600,13316
2017-06-24,15400,12208
2017-06-25,15300,11776
2017-06-26,15100,12743
2017-06-27,15300,13189
2017-06-28,15300,12996
2017-06-29,15400,13006
2017-06-30,15700,13239
2017-07-01,15600,12826
2017-07-02,17700,12741
2017-07-03,17900,14396
2017-07-04,18300,13320
2017-07-05,18300,14336
2017-07-06,18500,14725
2017-07-07,18200,14728
2017-07-08,18100,13718
2017-07-09,17900,13293
2017-07-10,17700,14201
2017-07-11,18100,14932
2017-07-12,18100,14645
2017-07-13,18400,14745
2017-07-14,18300,14563
2017-07-15,18100,14128
2017-07-16,17600,13049
2017-07-17,18100,14625
2017-07-18,18300,14905
2017-07-19,18100,14804
2017-07-20,18100,14825
2017-07-21,18000,14932
2017-07-22,18000,13675
2017-07-23,18000,13324
2017-07-24,17900,14216
2017-07-25,18400,14953
2017-07-26,18100,14784
2017-07-27,18400,14791
2017-07-28,18100,14749
2017-07-29,18000,13919
2017-07-30,17500,13174
2017-07-31,18000,14262
2017-08-01,18800,15275
2017-08-02,19300,15624
2017-08-03,18700,15444
2017-08-04,18500,15339
2017-08-05,18700,14655
2017-08-06,18000,13650
2017-08-07,18000,14918
2017-08-08,19000,15530
2017-08-09,19000,15471
2017-08-10,18500,15350
2017-08-11,18700,15457
2017-08-12,18900,14882
2017-08-13,18700,13830
2017-08-14,18500,14895
2017-08-15,18500,15592
2017-08-16,18700,15148
2017-08-17,19000,15614
2017-08-18,19200,15568
2017-08-19,18900,14971
2017-08-20,18200,13832
2017-08-21,18400,15171
2017-08-22,19100,15768
2017-08-23,18800,15684
2017-08-24,18900,15649
2017-08-25,18700,15447
2017-08-26,18700,14846
2017-08-27,18400,13776
2017-08-28,18400,14917
2017-08-29,18700,15319
2017-08-30,18300,15446
2017-08-31,18700,15503
2017-09-01,18500,13498
2017-09-02,15200,11996
2017-09-03,14800,11212
2017-09-04,12600,9881
2017-09-05,13600,10928
2017-09-06,14900,11874
2017-09-07,14800,11857
2017-09-08,14400,11715
2017-09-09,14600,10974
2017-09-10,13400,10092
2017-09-11,13600,10473
2017-09-12,14700,11977
2017-09-13,14500,11795
2017-09-14,14800,11860
2017-09-15,14200,11411
2017-09-16,14700,11013
2017-09-17,13700,10256
2017-09-18,14500,10676
2017-09-19,14900,11834
2017-09-20,14900,11580
2017-09-21,14500,11622
2017-09-22,14700,11969
2017-09-23,14400,11199
2017-09-24,14000,10295
2017-09-25,13200,10719
2017-09-26,14600,11751
2017-09-27,14300,11723
2017-09-28,14500,11740
2017-09-29,14400,11722
2017-09-30,14400,10883
2017-10-01,12200,9402
2017-10-02,12000,9743
2017-10-03,13600,10412
2017-10-04,13200,10711
2017-10-05,13300,10809
2017-10-06,12800,10440
2017-10-07,12900,9998
2017-10-08,12200,9443
2017-10-09,12100,9734
2017-10-10,13400,11161
2017-10-11,13700,11343
2017-10-12,13800,11134
2017-10-13,13200,10595
2017-10-14,13400,10101
2017-10-15,11300,8932
2017-10-16,12000,9898
2017-10-17,13300,10774
2017-10-18,13500,11033
2017-10-19,13000,10672
2017-10-20,12000,10285
2017-10-21,13300,9965
2017-10-22,11100,8785
2017-10-23,12400,10210
2017-10-24,13700,10897
2017-10-25,13700,10443
2017-10-26,13400,11077
2017-10-27,14000,11315
2017-10-28,13400,10220
2017-10-29,12300,9299
2017-10-30,12000,9784
2017-10-31,13000,10685
2017-11-01,12900,10789
2017-11-02,12500,10655
2017-11-03,12600,11233
2017-11-04,12800,10462
2017-11-05,12400,9799
2017-11-06,12600,10666
2017-11-07,12700,11335
2017-11-08,12600,10877
2017-11-09,12100,10491
2017-11-10,12200,10021
2017-11-11,10400,9047
2017-11-12,11700,9101
2017-11-13,11900,9860
2017-11-14,12200,10635
2017-11-15,12400,10974
2017-11-16,12500,10997
2017-11-17,12900,10720
2017-11-18,12600,10264
2017-11-19,12200,9364
2017-11-20,12000,10026
2017-11-21,12600,11088
2017-11-22,12700,11130
2017-11-23,12700,10103
2017-11-24,11900,9656
2017-11-25,12800,10367
2017-11-26,12200,9747
2017-11-27,11900,10205
2017-11-28,12600,10891
2017-11-29,12500,10808
2017-11-30,12700,10789
2017-12-01,12900,11815
2017-12-02,13100,11638
2017-12-03,13100,11060
2017-12-04,13100,11911
2017-12-05,13500,12240
2017-12-06,13000,12156
2017-12-07,13000,12181
2017-12-08,13200,12289
2017-12-09,13500,11700
2017-12-10,13900,11574
2017-12-11,14000,11838
2017-12-12,14100,12397
2017-12-13,14100,12359
2017-12-14,14000,12318
2017-12-15,14000,12283
2017-12-16,14100,11945
2017-12-17,14000,11455
2017-12-18,14000,11696
2017-12-19,14000,12442
2017-12-20,14000,12220
2017-12-21,13900,12396
2017-12-22,14000,12274
2017-12-23,14000,11739
2017-12-24,13900,11232
2017-12-25,13600,10896
2017-12-26,13800,11752
2017-12-27,14100,12288
2017-12-28,14000,12252
2017-12-29,14000,12235
2017-12-30,14000,11956
2017-12-31,14000,11288
2018-01-01,13800,11881
2018-01-02,16600,14029
2018-01-03,16600,14274
2018-01-04,17000,14230
2018-01-05,16900,14358
2018-01-06,16900,13762
2018-01-07,16000,12642
2018-01-08,16500,13779
2018-01-09,16900,14521
2018-01-10,16700,14170
2018-01-11,16700,14316
2018-01-12,16900,14147
2018-01-13,16900,13920
2018-01-14,16400,13072
2018-01-15,16600,13903
2018-01-16,17100,14546
2018-01-17,17000,14386
2018-01-18,17000,14313
2018-01-19,16900,14201
2018-01-20,16900,16218
